date,midc_usd_per_mwh,fx_usd_cad,midc_cad_per_kwh,source
2017-01-04,38.06,1.3315,0.05067689,EIA/ICE Mid C Peak + Bank of Canada FXUSDCAD
2017-01-05,45.71,1.3244,0.060538324000000004,EIA/ICE Mid C Peak + Bank of Canada FXUSDCAD
2017-01-06,32.12,1.3214,0.042443367999999995,EIA/ICE Mid C Peak + Bank of Canada FXUSDCAD
2017-01-09,27.28,1.324,0.03611872,EIA/ICE Mid C Peak + Bank of Canada FXUSDCAD
2017-01-10,30.86,1.3213,0.040775318,EIA/ICE Mid C Peak + Bank of Canada FXUSDCAD
2017-01-11,35.46,1.325,0.0469845,EIA/ICE Mid C Peak + Bank of Canada FXUSDCAD
2017-01-12,39.15,1.3106,0.05130999,EIA/ICE Mid C Peak + Bank of Canada FXUSDCAD
2017-01-14,29.84,1.3144666666666667,0.039223685333333334,EIA/ICE Mid C Peak + Bank of Canada FXUSDCAD
2017-01-16,28.05,1.3152,0.03689136,EIA/ICE Mid C Peak + Bank of Canada FXUSDCAD
2017-01-18,27.2,1.3099,0.03562928,EIA/ICE Mid C Peak + Bank of Canada FXUSDCAD
2017-01-19,26.47,1.3303,0.035213040999999994,EIA/ICE Mid C Peak + Bank of Canada FXUSDCAD
2017-01-20,28.37,1.3356,0.037890971999999995,EIA/ICE Mid C Peak + Bank of Canada FXUSDCAD
2017-01-23,30.69,1.3291,0.040790079,EIA/ICE Mid C Peak + Bank of Canada FXUSDCAD
2017-01-24,31.21,1.3174,0.041116054,EIA/ICE Mid C Peak + Bank of Canada FXUSDCAD
2017-01-25,33.79,1.3088,0.044224351999999995,EIA/ICE Mid C Peak + Bank of Canada FXUSDCAD
2017-01-26,36.75,1.3103,0.048153525,EIA/ICE Mid C Peak + Bank of Canada FXUSDCAD
2017-01-27,33.82,1.3123,0.044381986,EIA/ICE Mid C Peak + Bank of Canada FXUSDCAD
2017-01-30,30.91,1.3114,0.040535374,EIA/ICE Mid C Peak + Bank of Canada FXUSDCAD
2017-01-31,29.78,1.303,0.03880334,EIA/ICE Mid C Peak + Bank of Canada FXUSDCAD
2017-02-01,29.49,1.3074,0.038555226,EIA/ICE Mid C Peak + Bank of Canada FXUSDCAD
2017-02-02,32.26,1.3016,0.041989616,EIA/ICE Mid C Peak + Bank of Canada FXUSDCAD
2017-02-03,29.73,1.3016,0.03869656800000001,EIA/ICE Mid C Peak + Bank of Canada FXUSDCAD
2017-02-06,24.06,1.3099,0.031516194,EIA/ICE Mid C Peak + Bank of Canada FXUSDCAD
2017-02-07,27.7,1.3167,0.03647259,EIA/ICE Mid C Peak + Bank of Canada FXUSDCAD
2017-02-08,29.44,1.3157,0.038734208,EIA/ICE Mid C Peak + Bank of Canada FXUSDCAD
2017-02-09,21.4,1.3127,0.028091779999999997,EIA/ICE Mid C Peak + Bank of Canada FXUSDCAD
2017-02-10,20.34,1.3084,0.026612856,EIA/ICE Mid C Peak + Bank of Canada FXUSDCAD
2017-02-13,23.5,1.3082,0.030742699999999998,EIA/ICE Mid C Peak + Bank of Canada FXUSDCAD
2017-02-14,25.93,1.307,0.03389051,EIA/ICE Mid C Peak + Bank of Canada FXUSDCAD
2017-02-15,23.2,1.3088,0.030364159999999998,EIA/ICE Mid C Peak + Bank of Canada FXUSDCAD
2017-02-16,20.19,1.3055,0.026358045000000004,EIA/ICE Mid C Peak + Bank of Canada FXUSDCAD
2017-02-18,18.34,1.31135,0.024050159,EIA/ICE Mid C Peak + Bank of Canada FXUSDCAD
2017-02-20,18.48,1.31365,0.024276251999999998,EIA/ICE Mid C Peak + Bank of Canada FXUSDCAD
2017-02-22,19.11,1.3181,0.025188891,EIA/ICE Mid C Peak + Bank of Canada FXUSDCAD
2017-02-23,22.39,1.311,0.02935329,EIA/ICE Mid C Peak + Bank of Canada FXUSDCAD
2017-02-24,20.04,1.3095,0.02624238,EIA/ICE Mid C Peak + Bank of Canada FXUSDCAD
2017-02-27,22.03,1.3118,0.028898954000000004,EIA/ICE Mid C Peak + Bank of Canada FXUSDCAD
2017-02-28,16.06,1.3249,0.021277893999999995,EIA/ICE Mid C Peak + Bank of Canada FXUSDCAD
2017-03-01,16.18,1.3338,0.021580884,EIA/ICE Mid C Peak + Bank of Canada FXUSDCAD
2017-03-02,20.87,1.3387,0.027938669,EIA/ICE Mid C Peak + Bank of Canada FXUSDCAD
2017-03-03,16.18,1.3405,0.02168929,EIA/ICE Mid C Peak + Bank of Canada FXUSDCAD
2017-03-06,16.71,1.3404,0.022398084000000002,EIA/ICE Mid C Peak + Bank of Canada FXUSDCAD
2017-03-07,21.5,1.3417,0.02884655,EIA/ICE Mid C Peak + Bank of Canada FXUSDCAD
2017-03-08,18.28,1.3475,0.0246323,EIA/ICE Mid C Peak + Bank of Canada FXUSDCAD
2017-03-09,21.65,1.3513,0.029255644999999997,EIA/ICE Mid C Peak + Bank of Canada FXUSDCAD
2017-03-10,14.88,1.3464,0.020034432,EIA/ICE Mid C Peak + Bank of Canada FXUSDCAD
2017-03-13,17.72,1.3447,0.023828083999999996,EIA/ICE Mid C Peak + Bank of Canada FXUSDCAD
2017-03-14,16.66,1.3484,0.022464344,EIA/ICE Mid C Peak + Bank of Canada FXUSDCAD
2017-03-15,14.75,1.3428,0.0198063,EIA/ICE Mid C Peak + Bank of Canada FXUSDCAD
2017-03-16,9.82,1.3319,0.013079258000000002,EIA/ICE Mid C Peak + Bank of Canada FXUSDCAD
2017-03-17,8.34,1.3337,0.011123058,EIA/ICE Mid C Peak + Bank of Canada FXUSDCAD
2017-03-20,22.0,1.3358,0.029387600000000003,EIA/ICE Mid C Peak + Bank of Canada FXUSDCAD
2017-03-21,18.03,1.3317,0.024010551,EIA/ICE Mid C Peak + Bank of Canada FXUSDCAD
2017-03-22,12.04,1.336,0.01608544,EIA/ICE Mid C Peak + Bank of Canada FXUSDCAD
2017-03-23,16.46,1.3336,0.021951055999999997,EIA/ICE Mid C Peak + Bank of Canada FXUSDCAD
2017-03-24,4.22,1.3374,0.005643827999999999,EIA/ICE Mid C Peak + Bank of Canada FXUSDCAD
2017-03-27,3.7,1.3373,0.00494801,EIA/ICE Mid C Peak + Bank of Canada FXUSDCAD
2017-03-28,8.81,1.3374,0.011782494,EIA/ICE Mid C Peak + Bank of Canada FXUSDCAD
2017-03-29,10.14,1.3364,0.013551096,EIA/ICE Mid C Peak + Bank of Canada FXUSDCAD
2017-03-30,1.5,1.3304,0.0019956,EIA/ICE Mid C Peak + Bank of Canada FXUSDCAD
2017-04-03,15.97,1.3384,0.021374248000000002,EIA/ICE Mid C Peak + Bank of Canada FXUSDCAD
2017-04-04,19.36,1.3425,0.0259908,EIA/ICE Mid C Peak + Bank of Canada FXUSDCAD
2017-04-05,19.49,1.3409,0.026134140999999996,EIA/ICE Mid C Peak + Bank of Canada FXUSDCAD
2017-04-06,16.86,1.3418,0.022622748,EIA/ICE Mid C Peak + Bank of Canada FXUSDCAD
2017-04-07,1.76,1.3395,0.00235752,EIA/ICE Mid C Peak + Bank of Canada FXUSDCAD
2017-04-10,16.01,1.3349,0.021371749000000002,EIA/ICE Mid C Peak + Bank of Canada FXUSDCAD
2017-04-11,22.91,1.3332,0.030543612,EIA/ICE Mid C Peak + Bank of Canada FXUSDCAD
2017-04-12,17.25,1.33,0.0229425,EIA/ICE Mid C Peak + Bank of Canada FXUSDCAD
2017-04-14,13.35,1.32785,0.0177267975,EIA/ICE Mid C Peak + Bank of Canada FXUSDCAD
2017-04-17,21.84,1.3289,0.029023175999999998,EIA/ICE Mid C Peak + Bank of Canada FXUSDCAD
2017-04-18,20.12,1.3377,0.026914524,EIA/ICE Mid C Peak + Bank of Canada FXUSDCAD
2017-04-19,22.83,1.346,0.03072918,EIA/ICE Mid C Peak + Bank of Canada FXUSDCAD
2017-04-20,7.27,1.3482,0.009801414,EIA/ICE Mid C Peak + Bank of Canada FXUSDCAD
2017-04-21,13.2,1.3506,0.01782792,EIA/ICE Mid C Peak + Bank of Canada FXUSDCAD
2017-04-24,15.81,1.3492,0.021330852,EIA/ICE Mid C Peak + Bank of Canada FXUSDCAD
2017-04-25,12.94,1.3592,0.017588048000000002,EIA/ICE Mid C Peak + Bank of Canada FXUSDCAD
2017-04-26,4.69,1.3593,0.0063751170000000005,EIA/ICE Mid C Peak + Bank of Canada FXUSDCAD
2017-04-27,4.19,1.3624,0.005708456000000001,EIA/ICE Mid C Peak + Bank of Canada FXUSDCAD
2017-04-29,4.71,1.3661333333333334,0.006434488,EIA/ICE Mid C Peak + Bank of Canada FXUSDCAD
2017-05-01,12.98,1.366,0.017730680000000002,EIA/ICE Mid C Peak + Bank of Canada FXUSDCAD
2017-05-02,21.95,1.372,0.0301154,EIA/ICE Mid C Peak + Bank of Canada FXUSDCAD
2017-05-03,25.93,1.3714,0.035560402,EIA/ICE Mid C Peak + Bank of Canada FXUSDCAD
2017-05-04,21.57,1.3743,0.029643651000000003,EIA/ICE Mid C Peak + Bank of Canada FXUSDCAD
2017-05-05,6.17,1.3712,0.008460303999999998,EIA/ICE Mid C Peak + Bank of Canada FXUSDCAD
2017-05-08,15.67,1.3705,0.021475735,EIA/ICE Mid C Peak + Bank of Canada FXUSDCAD
2017-05-09,17.87,1.3728,0.024531936,EIA/ICE Mid C Peak + Bank of Canada FXUSDCAD
2017-05-10,18.64,1.3672,0.025484608000000002,EIA/ICE Mid C Peak + Bank of Canada FXUSDCAD
2017-05-11,9.36,1.3707,0.012829752,EIA/ICE Mid C Peak + Bank of Canada FXUSDCAD
2017-05-12,9.77,1.3714,0.013398578,EIA/ICE Mid C Peak + Bank of Canada FXUSDCAD
2017-05-15,17.44,1.3641,0.023789904000000004,EIA/ICE Mid C Peak + Bank of Canada FXUSDCAD
2017-05-16,10.57,1.3596,0.014370972,EIA/ICE Mid C Peak + Bank of Canada FXUSDCAD
2017-05-17,14.46,1.3614,0.019685844,EIA/ICE Mid C Peak + Bank of Canada FXUSDCAD
2017-05-18,23.11,1.3611,0.031455021,EIA/ICE Mid C Peak + Bank of Canada FXUSDCAD
2017-05-19,17.71,1.3544,0.023986424000000003,EIA/ICE Mid C Peak + Bank of Canada FXUSDCAD
2017-05-22,29.07,1.35035,0.0392546745,EIA/ICE Mid C Peak + Bank of Canada FXUSDCAD
2017-05-23,24.03,1.349,0.03241647,EIA/ICE Mid C Peak + Bank of Canada FXUSDCAD
2017-05-24,12.32,1.346,0.016582720000000002,EIA/ICE Mid C Peak + Bank of Canada FXUSDCAD
2017-05-25,21.02,1.3453,0.028278205999999997,EIA/ICE Mid C Peak + Bank of Canada FXUSDCAD
2017-05-30,25.21,1.3469,0.033955348999999996,EIA/ICE Mid C Peak + Bank of Canada FXUSDCAD
2017-05-31,13.52,1.35,0.018251999999999997,EIA/ICE Mid C Peak + Bank of Canada FXUSDCAD
2017-06-01,16.96,1.35,0.022896000000000003,EIA/ICE Mid C Peak + Bank of Canada FXUSDCAD
2017-06-02,14.12,1.3504,0.019067648,EIA/ICE Mid C Peak + Bank of Canada FXUSDCAD
2017-06-05,20.59,1.3483,0.027761497000000003,EIA/ICE Mid C Peak + Bank of Canada FXUSDCAD
2017-06-06,23.9,1.3461,0.03217179,EIA/ICE Mid C Peak + Bank of Canada FXUSDCAD
2017-06-07,29.46,1.3492,0.039747432,EIA/ICE Mid C Peak + Bank of Canada FXUSDCAD
2017-06-08,16.89,1.3503,0.022806567,EIA/ICE Mid C Peak + Bank of Canada FXUSDCAD
2017-06-09,10.94,1.3453,0.014717581999999998,EIA/ICE Mid C Peak + Bank of Canada FXUSDCAD
2017-06-12,3.92,1.3415,0.005258679999999999,EIA/ICE Mid C Peak + Bank of Canada FXUSDCAD
2017-06-13,0.14,1.3238,0.00018533200000000002,EIA/ICE Mid C Peak + Bank of Canada FXUSDCAD
2017-06-14,11.3,1.3209,0.01492617,EIA/ICE Mid C Peak + Bank of Canada FXUSDCAD
2017-06-15,14.33,1.3283,0.019034539000000003,EIA/ICE Mid C Peak + Bank of Canada FXUSDCAD
2017-06-16,9.74,1.3232,0.012887968,EIA/ICE Mid C Peak + Bank of Canada FXUSDCAD
2017-06-19,23.55,1.322,0.031133100000000004,EIA/ICE Mid C Peak + Bank of Canada FXUSDCAD
2017-06-20,15.31,1.3267,0.020311777,EIA/ICE Mid C Peak + Bank of Canada FXUSDCAD
2017-06-21,19.79,1.331,0.026340489999999998,EIA/ICE Mid C Peak + Bank of Canada FXUSDCAD
2017-06-22,22.14,1.3241,0.029315574,EIA/ICE Mid C Peak + Bank of Canada FXUSDCAD
2017-06-23,16.11,1.3268,0.021374748,EIA/ICE Mid C Peak + Bank of Canada FXUSDCAD
2017-06-26,20.02,1.3238,0.026502476,EIA/ICE Mid C Peak + Bank of Canada FXUSDCAD
2017-06-27,12.27,1.3188,0.016181676,EIA/ICE Mid C Peak + Bank of Canada FXUSDCAD
2017-06-28,11.4,1.306,0.014888400000000001,EIA/ICE Mid C Peak + Bank of Canada FXUSDCAD
2017-06-29,22.8,1.3015,0.0296742,EIA/ICE Mid C Peak + Bank of Canada FXUSDCAD
2017-07-01,17.7,1.2968000000000002,0.022953360000000003,EIA/ICE Mid C Peak + Bank of Canada FXUSDCAD
2017-07-03,22.59,1.295,0.02925405,EIA/ICE Mid C Peak + Bank of Canada FXUSDCAD
2017-07-05,37.16,1.2982,0.048241111999999996,EIA/ICE Mid C Peak + Bank of Canada FXUSDCAD
2017-07-06,48.79,1.2946,0.063163534,EIA/ICE Mid C Peak + Bank of Canada FXUSDCAD
2017-07-07,32.58,1.2887,0.04198584599999999,EIA/ICE Mid C Peak + Bank of Canada FXUSDCAD
2017-07-10,20.58,1.2888,0.026523503999999996,EIA/ICE Mid C Peak + Bank of Canada FXUSDCAD
2017-07-11,21.63,1.292,0.02794596,EIA/ICE Mid C Peak + Bank of Canada FXUSDCAD
2017-07-12,23.91,1.2794,0.030590454,EIA/ICE Mid C Peak + Bank of Canada FXUSDCAD
2017-07-13,23.89,1.2743,0.030443027,EIA/ICE Mid C Peak + Bank of Canada FXUSDCAD
2017-07-14,23.77,1.2672,0.030121344,EIA/ICE Mid C Peak + Bank of Canada FXUSDCAD
2017-07-17,27.18,1.2669,0.03443434199999999,EIA/ICE Mid C Peak + Bank of Canada FXUSDCAD
2017-07-18,26.35,1.2628,0.03327478,EIA/ICE Mid C Peak + Bank of Canada FXUSDCAD
2017-07-19,23.22,1.2595,0.02924559,EIA/ICE Mid C Peak + Bank of Canada FXUSDCAD
2017-07-20,23.34,1.2585,0.029373389999999996,EIA/ICE Mid C Peak + Bank of Canada FXUSDCAD
2017-07-21,30.22,1.2549,0.037923078,EIA/ICE Mid C Peak + Bank of Canada FXUSDCAD
2017-07-24,40.29,1.2512,0.050410848,EIA/ICE Mid C Peak + Bank of Canada FXUSDCAD
2017-07-25,43.35,1.2507,0.054217844999999994,EIA/ICE Mid C Peak + Bank of Canada FXUSDCAD
2017-07-26,35.34,1.2505,0.044192669999999996,EIA/ICE Mid C Peak + Bank of Canada FXUSDCAD
2017-07-27,27.58,1.252,0.03453016,EIA/ICE Mid C Peak + Bank of Canada FXUSDCAD
2017-07-28,33.11,1.2447,0.041212017,EIA/ICE Mid C Peak + Bank of Canada FXUSDCAD
2017-07-31,45.52,1.2485,0.05683172,EIA/ICE Mid C Peak + Bank of Canada FXUSDCAD
2017-08-01,81.52,1.2514,0.102014128,EIA/ICE Mid C Peak + Bank of Canada FXUSDCAD
2017-08-02,137.43,1.256,0.17261208000000003,EIA/ICE Mid C Peak + Bank of Canada FXUSDCAD
2017-08-03,93.79,1.2578,0.11796906200000001,EIA/ICE Mid C Peak + Bank of Canada FXUSDCAD
2017-08-04,37.9,1.2638,0.04789802,EIA/ICE Mid C Peak + Bank of Canada FXUSDCAD
2017-08-07,45.13,1.26635,0.05715037550000001,EIA/ICE Mid C Peak + Bank of Canada FXUSDCAD
2017-08-08,38.92,1.2672,0.04931942400000001,EIA/ICE Mid C Peak + Bank of Canada FXUSDCAD
2017-08-09,46.45,1.2705,0.059014725,EIA/ICE Mid C Peak + Bank of Canada FXUSDCAD
2017-08-10,36.9,1.2711,0.046903589999999995,EIA/ICE Mid C Peak + Bank of Canada FXUSDCAD
2017-08-11,27.37,1.2685,0.034718845000000005,EIA/ICE Mid C Peak + Bank of Canada FXUSDCAD
2017-08-14,24.73,1.2705,0.031419465,EIA/ICE Mid C Peak + Bank of Canada FXUSDCAD
2017-08-15,25.61,1.2755,0.032665555000000006,EIA/ICE Mid C Peak + Bank of Canada FXUSDCAD
2017-08-16,24.96,1.2699,0.031696704,EIA/ICE Mid C Peak + Bank of Canada FXUSDCAD
2017-08-17,27.31,1.2647,0.034538956999999995,EIA/ICE Mid C Peak + Bank of Canada FXUSDCAD
2017-08-18,27.15,1.2586,0.03417099,EIA/ICE Mid C Peak + Bank of Canada FXUSDCAD
2017-08-21,39.82,1.2575,0.05007365,EIA/ICE Mid C Peak + Bank of Canada FXUSDCAD
2017-08-22,43.52,1.2552,0.05462630400000001,EIA/ICE Mid C Peak + Bank of Canada FXUSDCAD
2017-08-23,35.56,1.2564,0.044677584000000006,EIA/ICE Mid C Peak + Bank of Canada FXUSDCAD
2017-08-24,29.52,1.2529,0.036985607999999996,EIA/ICE Mid C Peak + Bank of Canada FXUSDCAD
2017-08-25,43.52,1.2492,0.054365184000000004,EIA/ICE Mid C Peak + Bank of Canada FXUSDCAD
2017-08-28,103.96,1.2482,0.12976287199999997,EIA/ICE Mid C Peak + Bank of Canada FXUSDCAD
2017-08-29,129.79,1.2515,0.162432185,EIA/ICE Mid C Peak + Bank of Canada FXUSDCAD
2017-08-30,40.8,1.2605,0.0514284,EIA/ICE Mid C Peak + Bank of Canada FXUSDCAD
2017-08-31,51.42,1.2536,0.06446011200000001,EIA/ICE Mid C Peak + Bank of Canada FXUSDCAD
2017-09-01,77.79,1.239,0.09638181000000001,EIA/ICE Mid C Peak + Bank of Canada FXUSDCAD
2017-09-05,91.92,1.2371,0.11371423200000001,EIA/ICE Mid C Peak + Bank of Canada FXUSDCAD
2017-09-06,39.86,1.2264,0.048884304,EIA/ICE Mid C Peak + Bank of Canada FXUSDCAD
2017-09-07,26.57,1.2148,0.032277236,EIA/ICE Mid C Peak + Bank of Canada FXUSDCAD
2017-09-08,22.58,1.2132,0.027394056,EIA/ICE Mid C Peak + Bank of Canada FXUSDCAD
2017-09-11,29.34,1.2128,0.035583552000000004,EIA/ICE Mid C Peak + Bank of Canada FXUSDCAD
2017-09-12,25.5,1.2159,0.03100545,EIA/ICE Mid C Peak + Bank of Canada FXUSDCAD
2017-09-13,22.71,1.2187,0.027676676999999997,EIA/ICE Mid C Peak + Bank of Canada FXUSDCAD
2017-09-14,25.31,1.2198,0.030873137999999998,EIA/ICE Mid C Peak + Bank of Canada FXUSDCAD
2017-09-15,23.91,1.2182,0.029127161999999998,EIA/ICE Mid C Peak + Bank of Canada FXUSDCAD
2017-09-18,23.1,1.2238,0.02826978,EIA/ICE Mid C Peak + Bank of Canada FXUSDCAD
2017-09-19,22.53,1.2277,0.027660081000000003,EIA/ICE Mid C Peak + Bank of Canada FXUSDCAD
2017-09-20,24.28,1.2273,0.029798844,EIA/ICE Mid C Peak + Bank of Canada FXUSDCAD
2017-09-21,24.39,1.2339,0.030094821,EIA/ICE Mid C Peak + Bank of Canada FXUSDCAD
2017-09-22,25.15,1.2317,0.030977255,EIA/ICE Mid C Peak + Bank of Canada FXUSDCAD
2017-09-25,26.23,1.2341,0.032370443,EIA/ICE Mid C Peak + Bank of Canada FXUSDCAD
2017-09-26,23.99,1.237,0.02967563,EIA/ICE Mid C Peak + Bank of Canada FXUSDCAD
2017-09-27,24.83,1.2412,0.030818995999999998,EIA/ICE Mid C Peak + Bank of Canada FXUSDCAD
2017-09-28,24.81,1.245,0.03088845,EIA/ICE Mid C Peak + Bank of Canada FXUSDCAD
2017-09-29,20.02,1.248,0.02498496,EIA/ICE Mid C Peak + Bank of Canada FXUSDCAD
2017-10-02,24.97,1.2505,0.031224984999999997,EIA/ICE Mid C Peak + Bank of Canada FXUSDCAD
2017-10-03,23.99,1.25,0.029987499999999997,EIA/ICE Mid C Peak + Bank of Canada FXUSDCAD
2017-10-04,26.01,1.2479,0.03245787900000001,EIA/ICE Mid C Peak + Bank of Canada FXUSDCAD
2017-10-05,26.34,1.2548,0.033051432,EIA/ICE Mid C Peak + Bank of Canada FXUSDCAD
2017-10-06,22.45,1.2549,0.028172504999999997,EIA/ICE Mid C Peak + Bank of Canada FXUSDCAD
2017-10-09,28.6,1.2513,0.03578718000000001,EIA/ICE Mid C Peak + Bank of Canada FXUSDCAD
2017-10-10,26.59,1.2501,0.033240159,EIA/ICE Mid C Peak + Bank of Canada FXUSDCAD
2017-10-11,26.0,1.2498,0.0324948,EIA/ICE Mid C Peak + Bank of Canada FXUSDCAD
2017-10-12,26.65,1.2472,0.03323788,EIA/ICE Mid C Peak + Bank of Canada FXUSDCAD
2017-10-13,25.09,1.2487,0.031329882999999996,EIA/ICE Mid C Peak + Bank of Canada FXUSDCAD
2017-10-16,28.63,1.2529,0.03587052699999999,EIA/ICE Mid C Peak + Bank of Canada FXUSDCAD
2017-10-17,24.74,1.2548,0.031043751999999994,EIA/ICE Mid C Peak + Bank of Canada FXUSDCAD
2017-10-18,30.05,1.2486,0.03752043,EIA/ICE Mid C Peak + Bank of Canada FXUSDCAD
2017-10-19,27.31,1.2478,0.034077418,EIA/ICE Mid C Peak + Bank of Canada FXUSDCAD
2017-10-20,28.65,1.2601,0.036101865,EIA/ICE Mid C Peak + Bank of Canada FXUSDCAD
2017-10-23,36.46,1.2644,0.046100023999999996,EIA/ICE Mid C Peak + Bank of Canada FXUSDCAD
2017-10-24,31.03,1.2666,0.039302598,EIA/ICE Mid C Peak + Bank of Canada FXUSDCAD
2017-10-25,25.61,1.2771,0.032706531,EIA/ICE Mid C Peak + Bank of Canada FXUSDCAD
2017-10-26,25.64,1.2831,0.032898684,EIA/ICE Mid C Peak + Bank of Canada FXUSDCAD
2017-10-27,25.12,1.2874,0.032339488,EIA/ICE Mid C Peak + Bank of Canada FXUSDCAD
2017-10-30,24.33,1.2837,0.031232421,EIA/ICE Mid C Peak + Bank of Canada FXUSDCAD
2017-10-31,24.23,1.2893,0.031239738999999996,EIA/ICE Mid C Peak + Bank of Canada FXUSDCAD
2017-11-01,23.09,1.2885,0.029751465,EIA/ICE Mid C Peak + Bank of Canada FXUSDCAD
2017-11-02,25.49,1.2822,0.032683278,EIA/ICE Mid C Peak + Bank of Canada FXUSDCAD
2017-11-03,28.9,1.2764,0.03688796,EIA/ICE Mid C Peak + Bank of Canada FXUSDCAD
2017-11-06,42.2,1.2746,0.05378812,EIA/ICE Mid C Peak + Bank of Canada FXUSDCAD
2017-11-07,32.7,1.2785,0.04180695,EIA/ICE Mid C Peak + Bank of Canada FXUSDCAD
2017-11-08,25.05,1.2729,0.031886145,EIA/ICE Mid C Peak + Bank of Canada FXUSDCAD
2017-11-10,24.99,1.2683,0.031694817,EIA/ICE Mid C Peak + Bank of Canada FXUSDCAD
2017-11-13,22.04,1.2720500000000001,0.028035982,EIA/ICE Mid C Peak + Bank of Canada FXUSDCAD
2017-11-14,24.09,1.2733,0.030673797,EIA/ICE Mid C Peak + Bank of Canada FXUSDCAD
2017-11-15,24.91,1.2773,0.031817543000000004,EIA/ICE Mid C Peak + Bank of Canada FXUSDCAD
2017-11-16,25.18,1.2745,0.03209191,EIA/ICE Mid C Peak + Bank of Canada FXUSDCAD
2017-11-17,24.43,1.2783,0.031228869,EIA/ICE Mid C Peak + Bank of Canada FXUSDCAD
2017-11-20,26.27,1.2793,0.033607211,EIA/ICE Mid C Peak + Bank of Canada FXUSDCAD
2017-11-21,26.38,1.2778,0.033708364000000005,EIA/ICE Mid C Peak + Bank of Canada FXUSDCAD
2017-11-24,24.14,1.2708,0.030677111999999996,EIA/ICE Mid C Peak + Bank of Canada FXUSDCAD
2017-11-25,24.57,1.2717,0.031245669000000004,EIA/ICE Mid C Peak + Bank of Canada FXUSDCAD
2017-11-28,23.74,1.2807,0.030403818,EIA/ICE Mid C Peak + Bank of Canada FXUSDCAD
2017-11-29,24.27,1.2853,0.031194231000000003,EIA/ICE Mid C Peak + Bank of Canada FXUSDCAD
2017-11-30,24.75,1.2888,0.0318978,EIA/ICE Mid C Peak + Bank of Canada FXUSDCAD
2017-12-01,23.71,1.2729,0.030180459,EIA/ICE Mid C Peak + Bank of Canada FXUSDCAD
2017-12-04,24.47,1.2695,0.031064665,EIA/ICE Mid C Peak + Bank of Canada FXUSDCAD
2017-12-05,27.87,1.268,0.03533916,EIA/ICE Mid C Peak + Bank of Canada FXUSDCAD
2017-12-06,28.71,1.2757,0.036625347,EIA/ICE Mid C Peak + Bank of Canada FXUSDCAD
2017-12-07,25.89,1.2843,0.033250526999999995,EIA/ICE Mid C Peak + Bank of Canada FXUSDCAD
2017-12-08,25.55,1.286,0.0328573,EIA/ICE Mid C Peak + Bank of Canada FXUSDCAD
2017-12-11,26.33,1.2854,0.033844582000000005,EIA/ICE Mid C Peak + Bank of Canada FXUSDCAD
2017-12-12,31.83,1.2871,0.04096839299999999,EIA/ICE Mid C Peak + Bank of Canada FXUSDCAD
2017-12-13,34.54,1.2852,0.04439080799999999,EIA/ICE Mid C Peak + Bank of Canada FXUSDCAD
2017-12-14,31.55,1.2805,0.040399775,EIA/ICE Mid C Peak + Bank of Canada FXUSDCAD
2017-12-15,26.17,1.2834,0.033586578000000006,EIA/ICE Mid C Peak + Bank of Canada FXUSDCAD
2017-12-18,24.5,1.2865,0.03151925,EIA/ICE Mid C Peak + Bank of Canada FXUSDCAD
2017-12-19,25.29,1.2886,0.032588693999999994,EIA/ICE Mid C Peak + Bank of Canada FXUSDCAD
2017-12-20,35.19,1.2842,0.045190998,EIA/ICE Mid C Peak + Bank of Canada FXUSDCAD
2017-12-21,33.46,1.2734,0.042607964000000005,EIA/ICE Mid C Peak + Bank of Canada FXUSDCAD
2017-12-23,25.83,1.2735400000000001,0.032895538200000005,EIA/ICE Mid C Peak + Bank of Canada FXUSDCAD
2017-12-26,29.16,1.26646,0.0369299736,EIA/ICE Mid C Peak + Bank of Canada FXUSDCAD
2017-12-27,27.08,1.2641,0.034231828,EIA/ICE Mid C Peak + Bank of Canada FXUSDCAD
2017-12-28,24.08,1.2588,0.030311903999999994,EIA/ICE Mid C Peak + Bank of Canada FXUSDCAD
2017-12-30,21.74,1.2538,0.027257611999999997,EIA/ICE Mid C Peak + Bank of Canada FXUSDCAD
2018-01-02,30.92,1.2517,0.038702564,EIA/ICE Mid C Peak + Bank of Canada FXUSDCAD
2018-01-04,31.15,1.2515,0.038984225000000004,EIA/ICE Mid C Peak + Bank of Canada FXUSDCAD
2018-01-05,23.13,1.2403,0.028688138999999994,EIA/ICE Mid C Peak + Bank of Canada FXUSDCAD
2018-01-08,24.36,1.2422,0.030259991999999996,EIA/ICE Mid C Peak + Bank of Canada FXUSDCAD
2018-01-10,20.22,1.2496,0.025266912,EIA/ICE Mid C Peak + Bank of Canada FXUSDCAD
2018-01-11,20.51,1.2535,0.025709285000000005,EIA/ICE Mid C Peak + Bank of Canada FXUSDCAD
2018-01-13,21.25,1.2476666666666667,0.02651291666666667,EIA/ICE Mid C Peak + Bank of Canada FXUSDCAD
2018-01-15,24.15,1.2422,0.02999913,EIA/ICE Mid C Peak + Bank of Canada FXUSDCAD
2018-01-17,22.25,1.2425,0.027645625,EIA/ICE Mid C Peak + Bank of Canada FXUSDCAD
2018-01-18,20.66,1.2446,0.025713436,EIA/ICE Mid C Peak + Bank of Canada FXUSDCAD
2018-01-19,20.26,1.2459,0.025241934,EIA/ICE Mid C Peak + Bank of Canada FXUSDCAD
2018-01-22,21.74,1.2458,0.027083692,EIA/ICE Mid C Peak + Bank of Canada FXUSDCAD
2018-01-23,23.65,1.2454,0.02945371,EIA/ICE Mid C Peak + Bank of Canada FXUSDCAD
2018-01-24,21.84,1.2341,0.026952744,EIA/ICE Mid C Peak + Bank of Canada FXUSDCAD
2018-01-25,21.36,1.2323,0.026321928,EIA/ICE Mid C Peak + Bank of Canada FXUSDCAD
2018-01-26,19.39,1.2321,0.023890419000000003,EIA/ICE Mid C Peak + Bank of Canada FXUSDCAD
2018-01-29,20.18,1.2335,0.024892030000000002,EIA/ICE Mid C Peak + Bank of Canada FXUSDCAD
2018-01-30,16.0,1.2328,0.019724799999999997,EIA/ICE Mid C Peak + Bank of Canada FXUSDCAD
2018-01-31,20.38,1.2293,0.025053134,EIA/ICE Mid C Peak + Bank of Canada FXUSDCAD
2018-02-01,20.23,1.2288,0.024858624,EIA/ICE Mid C Peak + Bank of Canada FXUSDCAD
2018-02-02,8.03,1.238,0.00994114,EIA/ICE Mid C Peak + Bank of Canada FXUSDCAD
2018-02-05,12.27,1.2483,0.015316640999999999,EIA/ICE Mid C Peak + Bank of Canada FXUSDCAD
2018-02-06,15.27,1.253,0.019133309999999997,EIA/ICE Mid C Peak + Bank of Canada FXUSDCAD
2018-02-07,13.52,1.2546,0.016962191999999997,EIA/ICE Mid C Peak + Bank of Canada FXUSDCAD
2018-02-08,10.46,1.2585,0.013163910000000001,EIA/ICE Mid C Peak + Bank of Canada FXUSDCAD
2018-02-09,17.46,1.2609,0.022015314,EIA/ICE Mid C Peak + Bank of Canada FXUSDCAD
2018-02-12,20.95,1.2603,0.026403285000000002,EIA/ICE Mid C Peak + Bank of Canada FXUSDCAD
2018-02-13,23.67,1.26,0.029824200000000002,EIA/ICE Mid C Peak + Bank of Canada FXUSDCAD
2018-02-14,19.81,1.2562,0.024885321999999998,EIA/ICE Mid C Peak + Bank of Canada FXUSDCAD
2018-02-15,20.1,1.2507,0.02513907,EIA/ICE Mid C Peak + Bank of Canada FXUSDCAD
2018-02-17,10.6,1.25605,0.01331413,EIA/ICE Mid C Peak + Bank of Canada FXUSDCAD
2018-02-19,35.35,1.2601499999999999,0.044546302499999996,EIA/ICE Mid C Peak + Bank of Canada FXUSDCAD
2018-02-21,37.96,1.2671,0.048099116,EIA/ICE Mid C Peak + Bank of Canada FXUSDCAD
2018-02-22,49.34,1.2709,0.062706206,EIA/ICE Mid C Peak + Bank of Canada FXUSDCAD
2018-02-23,22.59,1.2668,0.028617012,EIA/ICE Mid C Peak + Bank of Canada FXUSDCAD
2018-02-26,25.21,1.2686,0.031981406,EIA/ICE Mid C Peak + Bank of Canada FXUSDCAD
2018-02-27,22.21,1.274,0.02829554,EIA/ICE Mid C Peak + Bank of Canada FXUSDCAD
2018-02-28,25.6,1.2809,0.03279104,EIA/ICE Mid C Peak + Bank of Canada FXUSDCAD
2018-03-01,24.74,1.2851,0.031793374,EIA/ICE Mid C Peak + Bank of Canada FXUSDCAD
2018-03-02,20.94,1.2891,0.026993754,EIA/ICE Mid C Peak + Bank of Canada FXUSDCAD
2018-03-05,26.9,1.2977,0.03490813,EIA/ICE Mid C Peak + Bank of Canada FXUSDCAD
2018-03-06,31.06,1.2898,0.040061188000000005,EIA/ICE Mid C Peak + Bank of Canada FXUSDCAD
2018-03-07,31.24,1.2947,0.040446428,EIA/ICE Mid C Peak + Bank of Canada FXUSDCAD
2018-03-08,20.77,1.2927,0.026849379,EIA/ICE Mid C Peak + Bank of Canada FXUSDCAD
2018-03-09,17.92,1.284,0.023009280000000003,EIA/ICE Mid C Peak + Bank of Canada FXUSDCAD
2018-03-12,20.86,1.283,0.026763379999999996,EIA/ICE Mid C Peak + Bank of Canada FXUSDCAD
2018-03-13,20.11,1.2912,0.025966032,EIA/ICE Mid C Peak + Bank of Canada FXUSDCAD
2018-03-14,18.2,1.2944,0.023558080000000002,EIA/ICE Mid C Peak + Bank of Canada FXUSDCAD
2018-03-15,23.02,1.3032,0.029999664,EIA/ICE Mid C Peak + Bank of Canada FXUSDCAD
2018-03-16,20.73,1.3088,0.027131423999999998,EIA/ICE Mid C Peak + Bank of Canada FXUSDCAD
2018-03-19,22.57,1.3079,0.029519303,EIA/ICE Mid C Peak + Bank of Canada FXUSDCAD
2018-03-20,22.29,1.3077,0.029148633,EIA/ICE Mid C Peak + Bank of Canada FXUSDCAD
2018-03-21,20.22,1.2958,0.026201076,EIA/ICE Mid C Peak + Bank of Canada FXUSDCAD
2018-03-22,17.01,1.2908,0.021956508,EIA/ICE Mid C Peak + Bank of Canada FXUSDCAD
2018-03-23,19.09,1.2856,0.024542104000000002,EIA/ICE Mid C Peak + Bank of Canada FXUSDCAD
2018-03-26,19.14,1.2886,0.024663803999999998,EIA/ICE Mid C Peak + Bank of Canada FXUSDCAD
2018-03-27,14.56,1.2869,0.018737264,EIA/ICE Mid C Peak + Bank of Canada FXUSDCAD
2018-03-28,15.97,1.2902,0.020604494,EIA/ICE Mid C Peak + Bank of Canada FXUSDCAD
2018-03-30,16.14,1.2897500000000002,0.020816565000000006,EIA/ICE Mid C Peak + Bank of Canada FXUSDCAD
2018-04-02,15.48,1.2908,0.019981583999999997,EIA/ICE Mid C Peak + Bank of Canada FXUSDCAD
2018-04-03,20.75,1.2812,0.026584899999999998,EIA/ICE Mid C Peak + Bank of Canada FXUSDCAD
2018-04-04,24.14,1.2809,0.030920925999999998,EIA/ICE Mid C Peak + Bank of Canada FXUSDCAD
2018-04-05,24.77,1.2776,0.031646152000000004,EIA/ICE Mid C Peak + Bank of Canada FXUSDCAD
2018-04-06,14.37,1.2764,0.018341867999999997,EIA/ICE Mid C Peak + Bank of Canada FXUSDCAD
2018-04-09,23.03,1.2729,0.029314886999999998,EIA/ICE Mid C Peak + Bank of Canada FXUSDCAD
2018-04-10,16.67,1.2618,0.021034206,EIA/ICE Mid C Peak + Bank of Canada FXUSDCAD
2018-04-11,22.32,1.2584,0.028087488,EIA/ICE Mid C Peak + Bank of Canada FXUSDCAD
2018-04-12,14.99,1.2596,0.018881404,EIA/ICE Mid C Peak + Bank of Canada FXUSDCAD
2018-04-13,17.03,1.2597,0.021452691000000003,EIA/ICE Mid C Peak + Bank of Canada FXUSDCAD
2018-04-16,17.15,1.2579,0.021572985,EIA/ICE Mid C Peak + Bank of Canada FXUSDCAD
2018-04-17,14.43,1.2552,0.018112536000000002,EIA/ICE Mid C Peak + Bank of Canada FXUSDCAD
2018-04-18,25.24,1.2614,0.031837736,EIA/ICE Mid C Peak + Bank of Canada FXUSDCAD
2018-04-19,22.78,1.2633,0.028777974000000005,EIA/ICE Mid C Peak + Bank of Canada FXUSDCAD
2018-04-20,10.44,1.2728,0.013288032,EIA/ICE Mid C Peak + Bank of Canada FXUSDCAD
2018-04-23,21.09,1.2833,0.027064797,EIA/ICE Mid C Peak + Bank of Canada FXUSDCAD
2018-04-24,20.95,1.2828,0.026874659999999998,EIA/ICE Mid C Peak + Bank of Canada FXUSDCAD
2018-04-25,23.56,1.2869,0.030319363999999998,EIA/ICE Mid C Peak + Bank of Canada FXUSDCAD
2018-04-26,21.88,1.2862,0.028142056,EIA/ICE Mid C Peak + Bank of Canada FXUSDCAD
2018-04-27,4.5,1.2857,0.005785650000000001,EIA/ICE Mid C Peak + Bank of Canada FXUSDCAD
2018-04-30,14.23,1.2836,0.018265628000000003,EIA/ICE Mid C Peak + Bank of Canada FXUSDCAD
2018-05-01,17.47,1.2867,0.022478648999999996,EIA/ICE Mid C Peak + Bank of Canada FXUSDCAD
2018-05-02,22.29,1.2851,0.028644878999999995,EIA/ICE Mid C Peak + Bank of Canada FXUSDCAD
2018-05-03,16.94,1.2862,0.021788228,EIA/ICE Mid C Peak + Bank of Canada FXUSDCAD
2018-05-04,12.72,1.2861,0.016359192,EIA/ICE Mid C Peak + Bank of Canada FXUSDCAD
2018-05-07,18.28,1.2864,0.023515392000000003,EIA/ICE Mid C Peak + Bank of Canada FXUSDCAD
2018-05-08,17.46,1.2963,0.022633398,EIA/ICE Mid C Peak + Bank of Canada FXUSDCAD
2018-05-09,9.66,1.2856,0.012418896,EIA/ICE Mid C Peak + Bank of Canada FXUSDCAD
2018-05-10,7.58,1.2775,0.00968345,EIA/ICE Mid C Peak + Bank of Canada FXUSDCAD
2018-05-11,12.56,1.2779,0.016050424,EIA/ICE Mid C Peak + Bank of Canada FXUSDCAD
2018-05-14,20.45,1.2775,0.026124875,EIA/ICE Mid C Peak + Bank of Canada FXUSDCAD
2018-05-15,17.21,1.2876,0.022159596000000004,EIA/ICE Mid C Peak + Bank of Canada FXUSDCAD
2018-05-16,10.51,1.2809,0.013462258999999999,EIA/ICE Mid C Peak + Bank of Canada FXUSDCAD
2018-05-17,8.29,1.2801,0.010612029,EIA/ICE Mid C Peak + Bank of Canada FXUSDCAD
2018-05-18,6.97,1.288,0.008977359999999998,EIA/ICE Mid C Peak + Bank of Canada FXUSDCAD
2018-05-21,11.76,1.28095,0.015063972,EIA/ICE Mid C Peak + Bank of Canada FXUSDCAD
2018-05-22,17.16,1.2786,0.021940776,EIA/ICE Mid C Peak + Bank of Canada FXUSDCAD
2018-05-23,18.28,1.2876,0.023537328000000003,EIA/ICE Mid C Peak + Bank of Canada FXUSDCAD
2018-05-24,11.45,1.2891,0.014760194999999999,EIA/ICE Mid C Peak + Bank of Canada FXUSDCAD
2018-05-29,10.78,1.302,0.01403556,EIA/ICE Mid C Peak + Bank of Canada FXUSDCAD
2018-05-30,14.55,1.2897,0.018765135000000002,EIA/ICE Mid C Peak + Bank of Canada FXUSDCAD
2018-05-31,6.49,1.2948,0.008403252,EIA/ICE Mid C Peak + Bank of Canada FXUSDCAD
2018-06-01,5.32,1.2964,0.0068968480000000006,EIA/ICE Mid C Peak + Bank of Canada FXUSDCAD
2018-06-04,13.93,1.2928,0.018008703999999997,EIA/ICE Mid C Peak + Bank of Canada FXUSDCAD
2018-06-05,14.98,1.2993,0.019463514,EIA/ICE Mid C Peak + Bank of Canada FXUSDCAD
2018-06-06,20.38,1.2913,0.026316693999999998,EIA/ICE Mid C Peak + Bank of Canada FXUSDCAD
2018-06-07,16.72,1.2972,0.021689183999999997,EIA/ICE Mid C Peak + Bank of Canada FXUSDCAD
2018-06-08,13.93,1.2962,0.018056066000000003,EIA/ICE Mid C Peak + Bank of Canada FXUSDCAD
2018-06-11,19.58,1.2993,0.025440293999999995,EIA/ICE Mid C Peak + Bank of Canada FXUSDCAD
2018-06-12,23.99,1.3004,0.031196596,EIA/ICE Mid C Peak + Bank of Canada FXUSDCAD
2018-06-13,17.94,1.2988,0.023300472,EIA/ICE Mid C Peak + Bank of Canada FXUSDCAD
2018-06-14,23.28,1.3052,0.030385055999999997,EIA/ICE Mid C Peak + Bank of Canada FXUSDCAD
2018-06-15,21.73,1.3177,0.028633621,EIA/ICE Mid C Peak + Bank of Canada FXUSDCAD
2018-06-18,25.26,1.3208,0.033363408,EIA/ICE Mid C Peak + Bank of Canada FXUSDCAD
2018-06-19,25.21,1.3276,0.033468795999999995,EIA/ICE Mid C Peak + Bank of Canada FXUSDCAD
2018-06-20,26.55,1.3301,0.035314155,EIA/ICE Mid C Peak + Bank of Canada FXUSDCAD
2018-06-21,17.33,1.331,0.023066229999999997,EIA/ICE Mid C Peak + Bank of Canada FXUSDCAD
2018-06-22,14.91,1.3308,0.019842228,EIA/ICE Mid C Peak + Bank of Canada FXUSDCAD
2018-06-25,13.01,1.3303,0.017307203,EIA/ICE Mid C Peak + Bank of Canada FXUSDCAD
2018-06-26,17.36,1.3306,0.023099216,EIA/ICE Mid C Peak + Bank of Canada FXUSDCAD
2018-06-27,15.65,1.3307,0.020825455000000003,EIA/ICE Mid C Peak + Bank of Canada FXUSDCAD
2018-06-28,9.78,1.3267,0.012975126,EIA/ICE Mid C Peak + Bank of Canada FXUSDCAD
2018-06-29,10.13,1.3168,0.013339184,EIA/ICE Mid C Peak + Bank of Canada FXUSDCAD
2018-07-02,16.59,1.31575,0.0218282925,EIA/ICE Mid C Peak + Bank of Canada FXUSDCAD
2018-07-03,26.03,1.3154,0.034239862,EIA/ICE Mid C Peak + Bank of Canada FXUSDCAD
2018-07-05,42.81,1.3129,0.056205249,EIA/ICE Mid C Peak + Bank of Canada FXUSDCAD
2018-07-06,29.95,1.3105,0.039249475,EIA/ICE Mid C Peak + Bank of Canada FXUSDCAD
2018-07-09,26.6,1.3097,0.034838020000000004,EIA/ICE Mid C Peak + Bank of Canada FXUSDCAD
2018-07-10,25.94,1.3125,0.03404625,EIA/ICE Mid C Peak + Bank of Canada FXUSDCAD
2018-07-11,38.69,1.3151,0.05088121899999999,EIA/ICE Mid C Peak + Bank of Canada FXUSDCAD
2018-07-12,50.0,1.3166,0.06583,EIA/ICE Mid C Peak + Bank of Canada FXUSDCAD
2018-07-13,37.9,1.3171,0.04991808999999999,EIA/ICE Mid C Peak + Bank of Canada FXUSDCAD
2018-07-16,54.42,1.3137,0.07149155400000001,EIA/ICE Mid C Peak + Bank of Canada FXUSDCAD
2018-07-17,39.63,1.3187,0.052260081,EIA/ICE Mid C Peak + Bank of Canada FXUSDCAD
2018-07-18,31.43,1.3204,0.041500172,EIA/ICE Mid C Peak + Bank of Canada FXUSDCAD
2018-07-19,30.18,1.3255,0.04000359,EIA/ICE Mid C Peak + Bank of Canada FXUSDCAD
2018-07-20,40.31,1.3142,0.052975402000000005,EIA/ICE Mid C Peak + Bank of Canada FXUSDCAD
2018-07-23,197.94,1.3156,0.26040986400000005,EIA/ICE Mid C Peak + Bank of Canada FXUSDCAD
2018-07-24,217.94,1.3157,0.286743658,EIA/ICE Mid C Peak + Bank of Canada FXUSDCAD
2018-07-25,214.62,1.3088,0.280894656,EIA/ICE Mid C Peak + Bank of Canada FXUSDCAD
2018-07-26,194.83,1.3065,0.254545395,EIA/ICE Mid C Peak + Bank of Canada FXUSDCAD
2018-07-27,87.05,1.3062,0.11370471,EIA/ICE Mid C Peak + Bank of Canada FXUSDCAD
2018-07-30,105.7,1.3021,0.13763197,EIA/ICE Mid C Peak + Bank of Canada FXUSDCAD
2018-07-31,93.35,1.3017,0.121513695,EIA/ICE Mid C Peak + Bank of Canada FXUSDCAD
2018-08-01,75.51,1.3002,0.098178102,EIA/ICE Mid C Peak + Bank of Canada FXUSDCAD
2018-08-02,62.84,1.3014,0.08177997599999999,EIA/ICE Mid C Peak + Bank of Canada FXUSDCAD
2018-08-03,58.69,1.2983,0.07619722699999999,EIA/ICE Mid C Peak + Bank of Canada FXUSDCAD
2018-08-06,254.31,1.3013,0.330933603,EIA/ICE Mid C Peak + Bank of Canada FXUSDCAD
2018-08-07,300.52,1.3023,0.391367196,EIA/ICE Mid C Peak + Bank of Canada FXUSDCAD
2018-08-08,147.83,1.3052,0.19294771600000002,EIA/ICE Mid C Peak + Bank of Canada FXUSDCAD
2018-08-09,131.15,1.304,0.17101960000000002,EIA/ICE Mid C Peak + Bank of Canada FXUSDCAD
2018-08-10,53.67,1.3113,0.070377471,EIA/ICE Mid C Peak + Bank of Canada FXUSDCAD
2018-08-13,83.72,1.3136,0.109974592,EIA/ICE Mid C Peak + Bank of Canada FXUSDCAD
2018-08-14,85.84,1.3087,0.112338808,EIA/ICE Mid C Peak + Bank of Canada FXUSDCAD
2018-08-15,64.1,1.3138,0.08421458,EIA/ICE Mid C Peak + Bank of Canada FXUSDCAD
2018-08-16,48.29,1.3152,0.063511008,EIA/ICE Mid C Peak + Bank of Canada FXUSDCAD
2018-08-17,35.79,1.3081,0.046816899,EIA/ICE Mid C Peak + Bank of Canada FXUSDCAD
2018-08-20,49.29,1.3065,0.064397385,EIA/ICE Mid C Peak + Bank of Canada FXUSDCAD
2018-08-21,45.87,1.3036,0.059796132,EIA/ICE Mid C Peak + Bank of Canada FXUSDCAD
2018-08-22,31.91,1.3016,0.041534056,EIA/ICE Mid C Peak + Bank of Canada FXUSDCAD
2018-08-23,24.73,1.3063,0.032304799,EIA/ICE Mid C Peak + Bank of Canada FXUSDCAD
2018-08-24,22.27,1.3036,0.029031172,EIA/ICE Mid C Peak + Bank of Canada FXUSDCAD
2018-08-27,28.15,1.2986,0.03655558999999999,EIA/ICE Mid C Peak + Bank of Canada FXUSDCAD
2018-08-28,34.07,1.2917,0.044008219,EIA/ICE Mid C Peak + Bank of Canada FXUSDCAD
2018-08-29,26.58,1.2931,0.034370597999999995,EIA/ICE Mid C Peak + Bank of Canada FXUSDCAD
2018-08-30,26.73,1.298,0.034695540000000004,EIA/ICE Mid C Peak + Bank of Canada FXUSDCAD
2018-09-01,23.56,1.308675,0.030832383,EIA/ICE Mid C Peak + Bank of Canada FXUSDCAD
2018-09-04,32.76,1.3182,0.043184232,EIA/ICE Mid C Peak + Bank of Canada FXUSDCAD
2018-09-05,38.88,1.3185,0.05126328,EIA/ICE Mid C Peak + Bank of Canada FXUSDCAD
2018-09-06,35.67,1.3188,0.047041596,EIA/ICE Mid C Peak + Bank of Canada FXUSDCAD
2018-09-07,28.3,1.3164,0.03725412,EIA/ICE Mid C Peak + Bank of Canada FXUSDCAD
2018-09-10,26.15,1.3163,0.034421244999999996,EIA/ICE Mid C Peak + Bank of Canada FXUSDCAD
2018-09-11,25.12,1.3141,0.033010192,EIA/ICE Mid C Peak + Bank of Canada FXUSDCAD
2018-09-12,27.05,1.3014,0.03520287,EIA/ICE Mid C Peak + Bank of Canada FXUSDCAD
2018-09-13,27.81,1.2997,0.036144657000000004,EIA/ICE Mid C Peak + Bank of Canada FXUSDCAD
2018-09-14,28.25,1.3033,0.036818224999999996,EIA/ICE Mid C Peak + Bank of Canada FXUSDCAD
2018-09-17,28.91,1.3019,0.037637929,EIA/ICE Mid C Peak + Bank of Canada FXUSDCAD
2018-09-18,28.84,1.2992,0.037468928,EIA/ICE Mid C Peak + Bank of Canada FXUSDCAD
2018-09-19,27.54,1.2947,0.035656037999999994,EIA/ICE Mid C Peak + Bank of Canada FXUSDCAD
2018-09-20,27.01,1.2905,0.034856405,EIA/ICE Mid C Peak + Bank of Canada FXUSDCAD
2018-09-21,28.04,1.2916,0.036216464000000004,EIA/ICE Mid C Peak + Bank of Canada FXUSDCAD
2018-09-24,28.26,1.2935,0.036554310000000007,EIA/ICE Mid C Peak + Bank of Canada FXUSDCAD
2018-09-25,28.18,1.2948,0.036487464,EIA/ICE Mid C Peak + Bank of Canada FXUSDCAD
2018-09-26,31.57,1.2975,0.04096207500000001,EIA/ICE Mid C Peak + Bank of Canada FXUSDCAD
2018-09-27,31.28,1.3045,0.04080476,EIA/ICE Mid C Peak + Bank of Canada FXUSDCAD
2018-09-29,26.18,1.2897666666666667,0.03376609133333334,EIA/ICE Mid C Peak + Bank of Canada FXUSDCAD
2018-10-01,28.81,1.2803,0.036885443,EIA/ICE Mid C Peak + Bank of Canada FXUSDCAD
2018-10-02,23.81,1.2817,0.030517277,EIA/ICE Mid C Peak + Bank of Canada FXUSDCAD
2018-10-03,32.27,1.2832,0.041408864000000004,EIA/ICE Mid C Peak + Bank of Canada FXUSDCAD
2018-10-04,32.51,1.29,0.0419379,EIA/ICE Mid C Peak + Bank of Canada FXUSDCAD
2018-10-05,35.32,1.2936,0.045689952000000006,EIA/ICE Mid C Peak + Bank of Canada FXUSDCAD
2018-10-08,36.9,1.295775,0.04781409749999999,EIA/ICE Mid C Peak + Bank of Canada FXUSDCAD
2018-10-09,35.96,1.2965,0.04662214,EIA/ICE Mid C Peak + Bank of Canada FXUSDCAD
2018-10-10,36.07,1.2992,0.046862144,EIA/ICE Mid C Peak + Bank of Canada FXUSDCAD
2018-10-11,108.03,1.3038,0.140849514,EIA/ICE Mid C Peak + Bank of Canada FXUSDCAD
2018-10-12,35.69,1.3031,0.046507638999999996,EIA/ICE Mid C Peak + Bank of Canada FXUSDCAD
2018-10-15,37.42,1.2993,0.048619805999999995,EIA/ICE Mid C Peak + Bank of Canada FXUSDCAD
2018-10-16,61.14,1.2938,0.07910293200000001,EIA/ICE Mid C Peak + Bank of Canada FXUSDCAD
2018-10-17,43.41,1.2994,0.056406954,EIA/ICE Mid C Peak + Bank of Canada FXUSDCAD
2018-10-18,44.78,1.3057,0.058469246,EIA/ICE Mid C Peak + Bank of Canada FXUSDCAD
2018-10-19,47.75,1.3104,0.0625716,EIA/ICE Mid C Peak + Bank of Canada FXUSDCAD
2018-10-22,51.06,1.3105,0.06691413,EIA/ICE Mid C Peak + Bank of Canada FXUSDCAD
2018-10-23,55.6,1.3098,0.07282488000000001,EIA/ICE Mid C Peak + Bank of Canada FXUSDCAD
2018-10-24,53.63,1.3029,0.069874527,EIA/ICE Mid C Peak + Bank of Canada FXUSDCAD
2018-10-25,50.89,1.3076,0.066543764,EIA/ICE Mid C Peak + Bank of Canada FXUSDCAD
2018-10-26,41.34,1.3108,0.054188472,EIA/ICE Mid C Peak + Bank of Canada FXUSDCAD
2018-10-29,49.08,1.3119,0.064388052,EIA/ICE Mid C Peak + Bank of Canada FXUSDCAD
2018-10-30,47.41,1.3133,0.06226355299999999,EIA/ICE Mid C Peak + Bank of Canada FXUSDCAD
2018-10-31,45.54,1.3142,0.059848668,EIA/ICE Mid C Peak + Bank of Canada FXUSDCAD
2018-11-01,35.0,1.3088,0.045808,EIA/ICE Mid C Peak + Bank of Canada FXUSDCAD
2018-11-02,20.42,1.3105,0.026760410000000005,EIA/ICE Mid C Peak + Bank of Canada FXUSDCAD
2018-11-05,25.12,1.3096,0.032897152000000006,EIA/ICE Mid C Peak + Bank of Canada FXUSDCAD
2018-11-06,33.54,1.313,0.04403802,EIA/ICE Mid C Peak + Bank of Canada FXUSDCAD
2018-11-07,59.56,1.3096,0.077999776,EIA/ICE Mid C Peak + Bank of Canada FXUSDCAD
2018-11-08,60.88,1.3114,0.079838032,EIA/ICE Mid C Peak + Bank of Canada FXUSDCAD
2018-11-10,44.3,1.321475,0.05854134249999999,EIA/ICE Mid C Peak + Bank of Canada FXUSDCAD
2018-11-12,58.6,1.323225,0.077540985,EIA/ICE Mid C Peak + Bank of Canada FXUSDCAD
2018-11-14,61.99,1.3235,0.08204376499999999,EIA/ICE Mid C Peak + Bank of Canada FXUSDCAD
2018-11-15,57.21,1.3202,0.07552864200000001,EIA/ICE Mid C Peak + Bank of Canada FXUSDCAD
2018-11-16,66.02,1.3154,0.08684270799999999,EIA/ICE Mid C Peak + Bank of Canada FXUSDCAD
2018-11-19,69.9,1.3182,0.09214218,EIA/ICE Mid C Peak + Bank of Canada FXUSDCAD
2018-11-20,69.72,1.3259,0.092441748,EIA/ICE Mid C Peak + Bank of Canada FXUSDCAD
2018-11-23,48.25,1.3228,0.0638251,EIA/ICE Mid C Peak + Bank of Canada FXUSDCAD
2018-11-24,60.93,1.3228666666666666,0.080602266,EIA/ICE Mid C Peak + Bank of Canada FXUSDCAD
2018-11-27,50.02,1.3289,0.066471578,EIA/ICE Mid C Peak + Bank of Canada FXUSDCAD
2018-11-28,60.64,1.3302,0.080663328,EIA/ICE Mid C Peak + Bank of Canada FXUSDCAD
2018-11-29,63.39,1.3275,0.084150225,EIA/ICE Mid C Peak + Bank of Canada FXUSDCAD
2018-12-01,67.15,1.3264333333333334,0.08906999833333334,EIA/ICE Mid C Peak + Bank of Canada FXUSDCAD
2018-12-03,89.49,1.3191,0.11804625899999999,EIA/ICE Mid C Peak + Bank of Canada FXUSDCAD
2018-12-04,96.78,1.3219,0.12793348200000002,EIA/ICE Mid C Peak + Bank of Canada FXUSDCAD
2018-12-05,77.63,1.3353,0.10365933899999999,EIA/ICE Mid C Peak + Bank of Canada FXUSDCAD
2018-12-06,67.84,1.3404,0.090932736,EIA/ICE Mid C Peak + Bank of Canada FXUSDCAD
2018-12-07,66.28,1.3299,0.08814577200000001,EIA/ICE Mid C Peak + Bank of Canada FXUSDCAD
2018-12-10,61.41,1.3379,0.082160439,EIA/ICE Mid C Peak + Bank of Canada FXUSDCAD
2018-12-11,49.06,1.3402,0.065750212,EIA/ICE Mid C Peak + Bank of Canada FXUSDCAD
2018-12-12,44.8,1.3346,0.059790079999999995,EIA/ICE Mid C Peak + Bank of Canada FXUSDCAD
2018-12-13,47.09,1.3359,0.062907531,EIA/ICE Mid C Peak + Bank of Canada FXUSDCAD
2018-12-14,46.39,1.3379,0.062065181000000004,EIA/ICE Mid C Peak + Bank of Canada FXUSDCAD
2018-12-17,44.46,1.3399,0.059571954,EIA/ICE Mid C Peak + Bank of Canada FXUSDCAD
2018-12-18,34.68,1.3454,0.046658472,EIA/ICE Mid C Peak + Bank of Canada FXUSDCAD
2018-12-19,34.83,1.345,0.046846349999999995,EIA/ICE Mid C Peak + Bank of Canada FXUSDCAD
2018-12-20,36.85,1.3495,0.049729075000000005,EIA/ICE Mid C Peak + Bank of Canada FXUSDCAD
2018-12-24,35.69,1.3589,0.048499140999999996,EIA/ICE Mid C Peak + Bank of Canada FXUSDCAD
2018-12-26,42.67,1.3623666666666667,0.05813218566666667,EIA/ICE Mid C Peak + Bank of Canada FXUSDCAD
2018-12-27,42.74,1.3641,0.058301634000000005,EIA/ICE Mid C Peak + Bank of Canada FXUSDCAD
2018-12-28,35.33,1.3638,0.04818305399999999,EIA/ICE Mid C Peak + Bank of Canada FXUSDCAD
2018-12-31,39.05,1.3642,0.05327201,EIA/ICE Mid C Peak + Bank of Canada FXUSDCAD
2019-01-02,37.96,1.36,0.05162560000000001,EIA/ICE Mid C Peak + Bank of Canada FXUSDCAD
2019-01-03,33.38,1.3501,0.04506633800000001,EIA/ICE Mid C Peak + Bank of Canada FXUSDCAD
2019-01-04,31.42,1.341,0.04213422,EIA/ICE Mid C Peak + Bank of Canada FXUSDCAD
2019-01-07,28.42,1.3313,0.037835546,EIA/ICE Mid C Peak + Bank of Canada FXUSDCAD
2019-01-08,29.31,1.3293,0.038961783,EIA/ICE Mid C Peak + Bank of Canada FXUSDCAD
2019-01-09,27.62,1.3221,0.036516401999999996,EIA/ICE Mid C Peak + Bank of Canada FXUSDCAD
2019-01-10,27.09,1.3234,0.035850905999999995,EIA/ICE Mid C Peak + Bank of Canada FXUSDCAD
2019-01-11,26.11,1.3259,0.034619249000000005,EIA/ICE Mid C Peak + Bank of Canada FXUSDCAD
2019-01-14,29.65,1.3269,0.039342585,EIA/ICE Mid C Peak + Bank of Canada FXUSDCAD
2019-01-15,34.02,1.3266,0.045130932,EIA/ICE Mid C Peak + Bank of Canada FXUSDCAD
2019-01-16,42.94,1.3248,0.056886912,EIA/ICE Mid C Peak + Bank of Canada FXUSDCAD
2019-01-17,35.69,1.3294,0.04744628599999999,EIA/ICE Mid C Peak + Bank of Canada FXUSDCAD
2019-01-19,31.58,1.3272333333333335,0.041914028666666665,EIA/ICE Mid C Peak + Bank of Canada FXUSDCAD
2019-01-21,33.47,1.3297,0.044505059,EIA/ICE Mid C Peak + Bank of Canada FXUSDCAD
2019-01-23,28.71,1.3348,0.038322108,EIA/ICE Mid C Peak + Bank of Canada FXUSDCAD
2019-01-24,33.02,1.3351,0.044085002000000005,EIA/ICE Mid C Peak + Bank of Canada FXUSDCAD
2019-01-25,31.86,1.3256,0.042233615999999995,EIA/ICE Mid C Peak + Bank of Canada FXUSDCAD
2019-01-28,31.38,1.326,0.04160988,EIA/ICE Mid C Peak + Bank of Canada FXUSDCAD
2019-01-29,33.79,1.3266,0.044825814,EIA/ICE Mid C Peak + Bank of Canada FXUSDCAD
2019-01-30,34.47,1.3192,0.045472823999999995,EIA/ICE Mid C Peak + Bank of Canada FXUSDCAD
2019-01-31,35.15,1.3144,0.046201160000000005,EIA/ICE Mid C Peak + Bank of Canada FXUSDCAD
2019-02-01,36.53,1.3095,0.047836035000000006,EIA/ICE Mid C Peak + Bank of Canada FXUSDCAD
2019-02-04,45.4,1.3127,0.059596579999999996,EIA/ICE Mid C Peak + Bank of Canada FXUSDCAD
2019-02-05,89.97,1.3134,0.118166598,EIA/ICE Mid C Peak + Bank of Canada FXUSDCAD
2019-02-06,128.44,1.319,0.16941235999999998,EIA/ICE Mid C Peak + Bank of Canada FXUSDCAD
2019-02-07,138.32,1.3285,0.18375812,EIA/ICE Mid C Peak + Bank of Canada FXUSDCAD
2019-02-08,145.34,1.327,0.19286618,EIA/ICE Mid C Peak + Bank of Canada FXUSDCAD
2019-02-11,218.65,1.3294,0.29067331,EIA/ICE Mid C Peak + Bank of Canada FXUSDCAD
2019-02-12,77.5,1.3248,0.102672,EIA/ICE Mid C Peak + Bank of Canada FXUSDCAD
2019-02-13,74.44,1.324,0.09855856,EIA/ICE Mid C Peak + Bank of Canada FXUSDCAD
2019-02-14,110.09,1.3298,0.146397682,EIA/ICE Mid C Peak + Bank of Canada FXUSDCAD
2019-02-16,74.05,1.3259,0.098182895,EIA/ICE Mid C Peak + Bank of Canada FXUSDCAD
2019-02-18,98.9,1.3245,0.13099305,EIA/ICE Mid C Peak + Bank of Canada FXUSDCAD
2019-02-20,99.19,1.3169,0.130623311,EIA/ICE Mid C Peak + Bank of Canada FXUSDCAD
2019-02-21,88.14,1.3196,0.11630954400000001,EIA/ICE Mid C Peak + Bank of Canada FXUSDCAD
2019-02-22,49.63,1.3173,0.06537759900000001,EIA/ICE Mid C Peak + Bank of Canada FXUSDCAD
2019-02-25,68.17,1.3174,0.089807158,EIA/ICE Mid C Peak + Bank of Canada FXUSDCAD
2019-02-26,82.01,1.3195,0.108212195,EIA/ICE Mid C Peak + Bank of Canada FXUSDCAD
2019-02-27,74.7,1.3145,0.09819315,EIA/ICE Mid C Peak + Bank of Canada FXUSDCAD
2019-02-28,64.44,1.3169,0.084861036,EIA/ICE Mid C Peak + Bank of Canada FXUSDCAD
2019-03-01,154.0,1.326,0.204204,EIA/ICE Mid C Peak + Bank of Canada FXUSDCAD
2019-03-04,890.56,1.3317,1.185958752,EIA/ICE Mid C Peak + Bank of Canada FXUSDCAD
2019-03-05,93.61,1.3345,0.124922545,EIA/ICE Mid C Peak + Bank of Canada FXUSDCAD
2019-03-06,59.11,1.342,0.07932562,EIA/ICE Mid C Peak + Bank of Canada FXUSDCAD
2019-03-07,42.39,1.3438,0.05696368200000001,EIA/ICE Mid C Peak + Bank of Canada FXUSDCAD
2019-03-08,52.24,1.3422,0.070116528,EIA/ICE Mid C Peak + Bank of Canada FXUSDCAD
2019-03-11,71.49,1.3414,0.095896686,EIA/ICE Mid C Peak + Bank of Canada FXUSDCAD
2019-03-12,36.63,1.3378,0.04900361400000001,EIA/ICE Mid C Peak + Bank of Canada FXUSDCAD
2019-03-13,36.98,1.3326,0.049279548,EIA/ICE Mid C Peak + Bank of Canada FXUSDCAD
2019-03-14,46.86,1.3327,0.062450322,EIA/ICE Mid C Peak + Bank of Canada FXUSDCAD
2019-03-15,31.55,1.3342,0.04209401,EIA/ICE Mid C Peak + Bank of Canada FXUSDCAD
2019-03-18,29.71,1.3345,0.039647995,EIA/ICE Mid C Peak + Bank of Canada FXUSDCAD
2019-03-19,25.1,1.3292,0.033362920000000004,EIA/ICE Mid C Peak + Bank of Canada FXUSDCAD
2019-03-20,26.78,1.3317,0.035662926000000005,EIA/ICE Mid C Peak + Bank of Canada FXUSDCAD
2019-03-21,24.18,1.3366,0.032318988,EIA/ICE Mid C Peak + Bank of Canada FXUSDCAD
2019-03-22,20.7,1.3411,0.027760769999999997,EIA/ICE Mid C Peak + Bank of Canada FXUSDCAD
2019-03-25,25.91,1.342,0.03477122,EIA/ICE Mid C Peak + Bank of Canada FXUSDCAD
2019-03-26,24.34,1.3386,0.032581524,EIA/ICE Mid C Peak + Bank of Canada FXUSDCAD
2019-03-27,23.43,1.3414,0.031429002,EIA/ICE Mid C Peak + Bank of Canada FXUSDCAD
2019-03-28,20.65,1.3429,0.027730884999999997,EIA/ICE Mid C Peak + Bank of Canada FXUSDCAD
2019-03-30,18.77,1.3354333333333335,0.02506608366666667,EIA/ICE Mid C Peak + Bank of Canada FXUSDCAD
2019-04-01,22.52,1.3337,0.030034924,EIA/ICE Mid C Peak + Bank of Canada FXUSDCAD
2019-04-02,23.89,1.3344,0.031878816,EIA/ICE Mid C Peak + Bank of Canada FXUSDCAD
2019-04-03,25.49,1.3324,0.033962876,EIA/ICE Mid C Peak + Bank of Canada FXUSDCAD
2019-04-04,28.2,1.3357,0.037666740000000004,EIA/ICE Mid C Peak + Bank of Canada FXUSDCAD
2019-04-05,21.11,1.3386,0.028257846,EIA/ICE Mid C Peak + Bank of Canada FXUSDCAD
2019-04-08,24.27,1.3325,0.032339775,EIA/ICE Mid C Peak + Bank of Canada FXUSDCAD
2019-04-09,13.41,1.3316,0.017856755999999998,EIA/ICE Mid C Peak + Bank of Canada FXUSDCAD
2019-04-10,16.04,1.3326,0.021374903999999997,EIA/ICE Mid C Peak + Bank of Canada FXUSDCAD
2019-04-11,18.27,1.3378,0.024441606,EIA/ICE Mid C Peak + Bank of Canada FXUSDCAD
2019-04-12,16.63,1.3329,0.022166127,EIA/ICE Mid C Peak + Bank of Canada FXUSDCAD
2019-04-15,25.33,1.3354,0.033825681999999996,EIA/ICE Mid C Peak + Bank of Canada FXUSDCAD
2019-04-16,16.86,1.3361,0.022526646,EIA/ICE Mid C Peak + Bank of Canada FXUSDCAD
2019-04-17,17.06,1.3332,0.022744392,EIA/ICE Mid C Peak + Bank of Canada FXUSDCAD
2019-04-19,15.21,1.337475,0.02034299475,EIA/ICE Mid C Peak + Bank of Canada FXUSDCAD
2019-04-22,13.15,1.3353,0.017559195,EIA/ICE Mid C Peak + Bank of Canada FXUSDCAD
2019-04-23,6.23,1.3421,0.008361283,EIA/ICE Mid C Peak + Bank of Canada FXUSDCAD
2019-04-24,12.32,1.3475,0.0166012,EIA/ICE Mid C Peak + Bank of Canada FXUSDCAD
2019-04-25,15.37,1.3493,0.020738740999999998,EIA/ICE Mid C Peak + Bank of Canada FXUSDCAD
2019-04-26,3.27,1.346,0.00440142,EIA/ICE Mid C Peak + Bank of Canada FXUSDCAD
2019-04-29,16.93,1.3456,0.022781007999999995,EIA/ICE Mid C Peak + Bank of Canada FXUSDCAD
2019-04-30,17.28,1.3423,0.023194944000000002,EIA/ICE Mid C Peak + Bank of Canada FXUSDCAD
2019-05-01,16.43,1.3416,0.022042488,EIA/ICE Mid C Peak + Bank of Canada FXUSDCAD
2019-05-02,16.32,1.3462,0.021969984,EIA/ICE Mid C Peak + Bank of Canada FXUSDCAD
2019-05-03,18.78,1.3429,0.025219662,EIA/ICE Mid C Peak + Bank of Canada FXUSDCAD
2019-05-06,20.72,1.3456,0.027880831999999998,EIA/ICE Mid C Peak + Bank of Canada FXUSDCAD
2019-05-07,23.84,1.3476,0.032126784,EIA/ICE Mid C Peak + Bank of Canada FXUSDCAD
2019-05-08,23.41,1.3466,0.031523906,EIA/ICE Mid C Peak + Bank of Canada FXUSDCAD
2019-05-09,18.54,1.3483,0.024997482,EIA/ICE Mid C Peak + Bank of Canada FXUSDCAD
2019-05-10,20.32,1.3418,0.027265376000000004,EIA/ICE Mid C Peak + Bank of Canada FXUSDCAD
2019-05-13,15.87,1.3457,0.021356259,EIA/ICE Mid C Peak + Bank of Canada FXUSDCAD
2019-05-14,11.37,1.3469,0.015314252999999998,EIA/ICE Mid C Peak + Bank of Canada FXUSDCAD
2019-05-15,15.58,1.3451,0.020956658,EIA/ICE Mid C Peak + Bank of Canada FXUSDCAD
2019-05-17,1.15,1.3468,0.0015488199999999998,EIA/ICE Mid C Peak + Bank of Canada FXUSDCAD
2019-05-20,8.35,1.3426749999999998,0.011211336249999999,EIA/ICE Mid C Peak + Bank of Canada FXUSDCAD
2019-05-21,10.54,1.3413,0.014137301999999997,EIA/ICE Mid C Peak + Bank of Canada FXUSDCAD
2019-05-22,11.88,1.341,0.01593108,EIA/ICE Mid C Peak + Bank of Canada FXUSDCAD
2019-05-23,15.12,1.3478,0.020378736,EIA/ICE Mid C Peak + Bank of Canada FXUSDCAD
2019-05-25,13.63,1.3445333333333334,0.018325989333333337,EIA/ICE Mid C Peak + Bank of Canada FXUSDCAD
2019-05-28,14.63,1.3477,0.019716850999999997,EIA/ICE Mid C Peak + Bank of Canada FXUSDCAD
2019-05-29,13.44,1.3514,0.018162816,EIA/ICE Mid C Peak + Bank of Canada FXUSDCAD
2019-05-30,13.86,1.3501,0.018712385999999998,EIA/ICE Mid C Peak + Bank of Canada FXUSDCAD
2019-06-01,10.09,1.3508,0.013629572,EIA/ICE Mid C Peak + Bank of Canada FXUSDCAD
2019-06-03,8.96,1.347,0.012069120000000001,EIA/ICE Mid C Peak + Bank of Canada FXUSDCAD
2019-06-04,15.58,1.3414,0.020899011999999998,EIA/ICE Mid C Peak + Bank of Canada FXUSDCAD
2019-06-05,11.78,1.3401,0.015786378,EIA/ICE Mid C Peak + Bank of Canada FXUSDCAD
2019-06-06,11.05,1.3378,0.014782690000000003,EIA/ICE Mid C Peak + Bank of Canada FXUSDCAD
2019-06-07,11.8,1.3283,0.01567394,EIA/ICE Mid C Peak + Bank of Canada FXUSDCAD
2019-06-10,25.42,1.3267,0.033724713999999996,EIA/ICE Mid C Peak + Bank of Canada FXUSDCAD
2019-06-11,39.37,1.3278,0.052275486,EIA/ICE Mid C Peak + Bank of Canada FXUSDCAD
2019-06-12,66.27,1.3303,0.088158981,EIA/ICE Mid C Peak + Bank of Canada FXUSDCAD
2019-06-13,24.19,1.3324,0.032230756,EIA/ICE Mid C Peak + Bank of Canada FXUSDCAD
2019-06-14,20.93,1.3385,0.028014805,EIA/ICE Mid C Peak + Bank of Canada FXUSDCAD
2019-06-17,23.68,1.3407,0.031747776,EIA/ICE Mid C Peak + Bank of Canada FXUSDCAD
2019-06-18,16.69,1.3394,0.022354586000000003,EIA/ICE Mid C Peak + Bank of Canada FXUSDCAD
2019-06-19,16.47,1.3343,0.021975921,EIA/ICE Mid C Peak + Bank of Canada FXUSDCAD
2019-06-20,16.18,1.3191,0.021343038,EIA/ICE Mid C Peak + Bank of Canada FXUSDCAD
2019-06-21,14.48,1.3212,0.019130976,EIA/ICE Mid C Peak + Bank of Canada FXUSDCAD
2019-06-24,15.91,1.3194,0.020991654,EIA/ICE Mid C Peak + Bank of Canada FXUSDCAD
2019-06-25,24.26,1.3174,0.031960124,EIA/ICE Mid C Peak + Bank of Canada FXUSDCAD
2019-06-26,19.98,1.313,0.026233740000000002,EIA/ICE Mid C Peak + Bank of Canada FXUSDCAD
2019-06-27,17.09,1.3111,0.022406699,EIA/ICE Mid C Peak + Bank of Canada FXUSDCAD
2019-06-29,18.62,1.309375,0.0243805625,EIA/ICE Mid C Peak + Bank of Canada FXUSDCAD
2019-07-01,26.92,1.310725,0.035284717,EIA/ICE Mid C Peak + Bank of Canada FXUSDCAD
2019-07-02,22.58,1.3114,0.029611411999999993,EIA/ICE Mid C Peak + Bank of Canada FXUSDCAD
2019-07-03,23.73,1.3073,0.031022229,EIA/ICE Mid C Peak + Bank of Canada FXUSDCAD
2019-07-05,25.65,1.3099,0.033598934999999996,EIA/ICE Mid C Peak + Bank of Canada FXUSDCAD
2019-07-06,22.13,1.3093000000000001,0.028974809,EIA/ICE Mid C Peak + Bank of Canada FXUSDCAD
2019-07-09,32.36,1.3127,0.042478972,EIA/ICE Mid C Peak + Bank of Canada FXUSDCAD
2019-07-10,35.93,1.3092,0.047039555999999996,EIA/ICE Mid C Peak + Bank of Canada FXUSDCAD
2019-07-11,28.98,1.3071,0.03787975799999999,EIA/ICE Mid C Peak + Bank of Canada FXUSDCAD
2019-07-12,30.01,1.3038,0.039127038,EIA/ICE Mid C Peak + Bank of Canada FXUSDCAD
2019-07-15,33.03,1.3039,0.04306781700000001,EIA/ICE Mid C Peak + Bank of Canada FXUSDCAD
2019-07-16,28.06,1.3052,0.036623911999999995,EIA/ICE Mid C Peak + Bank of Canada FXUSDCAD
2019-07-17,21.6,1.3053,0.028194479999999997,EIA/ICE Mid C Peak + Bank of Canada FXUSDCAD
2019-07-18,24.12,1.3069,0.031522428,EIA/ICE Mid C Peak + Bank of Canada FXUSDCAD
2019-07-19,30.26,1.3071,0.039552846,EIA/ICE Mid C Peak + Bank of Canada FXUSDCAD
2019-07-22,37.17,1.3103,0.048703851,EIA/ICE Mid C Peak + Bank of Canada FXUSDCAD
2019-07-23,39.75,1.3142,0.05223945,EIA/ICE Mid C Peak + Bank of Canada FXUSDCAD
2019-07-24,46.31,1.3137,0.060837447,EIA/ICE Mid C Peak + Bank of Canada FXUSDCAD
2019-07-25,46.47,1.3146,0.061089462,EIA/ICE Mid C Peak + Bank of Canada FXUSDCAD
2019-07-26,33.3,1.3182,0.04389606,EIA/ICE Mid C Peak + Bank of Canada FXUSDCAD
2019-07-29,33.02,1.3159,0.04345101800000001,EIA/ICE Mid C Peak + Bank of Canada FXUSDCAD
2019-07-30,26.04,1.3168,0.034289471999999994,EIA/ICE Mid C Peak + Bank of Canada FXUSDCAD
2019-07-31,28.52,1.3148,0.037498095999999995,EIA/ICE Mid C Peak + Bank of Canada FXUSDCAD
2019-08-01,33.43,1.3217,0.044184431,EIA/ICE Mid C Peak + Bank of Canada FXUSDCAD
2019-08-02,30.78,1.3225,0.04070655,EIA/ICE Mid C Peak + Bank of Canada FXUSDCAD
2019-08-05,47.88,1.3246,0.063421848,EIA/ICE Mid C Peak + Bank of Canada FXUSDCAD
2019-08-06,43.94,1.3253,0.058233681999999995,EIA/ICE Mid C Peak + Bank of Canada FXUSDCAD
2019-08-07,32.04,1.3322,0.042683688000000004,EIA/ICE Mid C Peak + Bank of Canada FXUSDCAD
2019-08-08,27.19,1.3257,0.036045783000000005,EIA/ICE Mid C Peak + Bank of Canada FXUSDCAD
2019-08-09,26.88,1.3221,0.035538048,EIA/ICE Mid C Peak + Bank of Canada FXUSDCAD
2019-08-12,27.93,1.3234,0.036962562,EIA/ICE Mid C Peak + Bank of Canada FXUSDCAD
2019-08-13,35.88,1.3236,0.04749076800000001,EIA/ICE Mid C Peak + Bank of Canada FXUSDCAD
2019-08-14,34.54,1.3311,0.045976194,EIA/ICE Mid C Peak + Bank of Canada FXUSDCAD
2019-08-15,31.8,1.3325,0.0423735,EIA/ICE Mid C Peak + Bank of Canada FXUSDCAD
2019-08-16,28.58,1.3286,0.037971387999999995,EIA/ICE Mid C Peak + Bank of Canada FXUSDCAD
2019-08-19,30.25,1.3298,0.04022645,EIA/ICE Mid C Peak + Bank of Canada FXUSDCAD
2019-08-20,34.32,1.3323,0.045724536,EIA/ICE Mid C Peak + Bank of Canada FXUSDCAD
2019-08-21,26.07,1.3278,0.034615746,EIA/ICE Mid C Peak + Bank of Canada FXUSDCAD
2019-08-22,25.94,1.3293,0.034482042,EIA/ICE Mid C Peak + Bank of Canada FXUSDCAD
2019-08-23,27.08,1.331,0.036043479999999996,EIA/ICE Mid C Peak + Bank of Canada FXUSDCAD
2019-08-26,31.28,1.3279,0.041536712,EIA/ICE Mid C Peak + Bank of Canada FXUSDCAD
2019-08-27,45.2,1.3267,0.05996684000000001,EIA/ICE Mid C Peak + Bank of Canada FXUSDCAD
2019-08-28,42.24,1.3301,0.056183424,EIA/ICE Mid C Peak + Bank of Canada FXUSDCAD
2019-08-29,31.09,1.3296,0.041337264,EIA/ICE Mid C Peak + Bank of Canada FXUSDCAD
2019-08-30,28.12,1.3295,0.03738554,EIA/ICE Mid C Peak + Bank of Canada FXUSDCAD
2019-09-03,34.26,1.3343,0.045713118000000004,EIA/ICE Mid C Peak + Bank of Canada FXUSDCAD
2019-09-04,47.97,1.3263,0.063622611,EIA/ICE Mid C Peak + Bank of Canada FXUSDCAD
2019-09-05,68.04,1.3228,0.090003312,EIA/ICE Mid C Peak + Bank of Canada FXUSDCAD
2019-09-06,35.99,1.3174,0.047413226,EIA/ICE Mid C Peak + Bank of Canada FXUSDCAD
2019-09-09,28.5,1.3155,0.03749175,EIA/ICE Mid C Peak + Bank of Canada FXUSDCAD
2019-09-10,29.69,1.3153,0.039051257,EIA/ICE Mid C Peak + Bank of Canada FXUSDCAD
2019-09-11,31.58,1.3181,0.041625598,EIA/ICE Mid C Peak + Bank of Canada FXUSDCAD
2019-09-12,33.0,1.3205,0.043576500000000004,EIA/ICE Mid C Peak + Bank of Canada FXUSDCAD
2019-09-13,31.78,1.3257,0.042130746000000004,EIA/ICE Mid C Peak + Bank of Canada FXUSDCAD
2019-09-16,28.5,1.3248,0.0377568,EIA/ICE Mid C Peak + Bank of Canada FXUSDCAD
2019-09-17,25.73,1.3257,0.034110261,EIA/ICE Mid C Peak + Bank of Canada FXUSDCAD
2019-09-18,27.44,1.3271,0.036415624,EIA/ICE Mid C Peak + Bank of Canada FXUSDCAD
2019-09-19,26.45,1.3259,0.035070055,EIA/ICE Mid C Peak + Bank of Canada FXUSDCAD
2019-09-20,24.4,1.3275,0.032390999999999996,EIA/ICE Mid C Peak + Bank of Canada FXUSDCAD
2019-09-23,21.89,1.327,0.02904803,EIA/ICE Mid C Peak + Bank of Canada FXUSDCAD
2019-09-24,23.71,1.3249,0.031413379,EIA/ICE Mid C Peak + Bank of Canada FXUSDCAD
2019-09-25,29.98,1.327,0.03978346,EIA/ICE Mid C Peak + Bank of Canada FXUSDCAD
2019-09-26,22.03,1.326,0.029211780000000003,EIA/ICE Mid C Peak + Bank of Canada FXUSDCAD
2019-09-27,25.24,1.3249,0.033440476,EIA/ICE Mid C Peak + Bank of Canada FXUSDCAD
2019-09-30,31.29,1.3243,0.041437347,EIA/ICE Mid C Peak + Bank of Canada FXUSDCAD
2019-10-01,36.55,1.3244,0.048406819999999996,EIA/ICE Mid C Peak + Bank of Canada FXUSDCAD
2019-10-02,36.48,1.3294,0.048496512,EIA/ICE Mid C Peak + Bank of Canada FXUSDCAD
2019-10-03,31.59,1.333,0.04210947,EIA/ICE Mid C Peak + Bank of Canada FXUSDCAD
2019-10-04,29.04,1.3317,0.038672568000000004,EIA/ICE Mid C Peak + Bank of Canada FXUSDCAD
2019-10-07,30.9,1.3306,0.04111554,EIA/ICE Mid C Peak + Bank of Canada FXUSDCAD
2019-10-08,27.32,1.3323,0.036398436000000006,EIA/ICE Mid C Peak + Bank of Canada FXUSDCAD
2019-10-09,45.79,1.3324,0.061010596,EIA/ICE Mid C Peak + Bank of Canada FXUSDCAD
2019-10-10,34.03,1.3294,0.045239482,EIA/ICE Mid C Peak + Bank of Canada FXUSDCAD
2019-10-11,33.96,1.3198,0.044820408,EIA/ICE Mid C Peak + Bank of Canada FXUSDCAD
2019-10-14,35.43,1.320775,0.04679505825000001,EIA/ICE Mid C Peak + Bank of Canada FXUSDCAD
2019-10-15,37.92,1.3211,0.050096112,EIA/ICE Mid C Peak + Bank of Canada FXUSDCAD
2019-10-16,36.91,1.3201,0.048724891,EIA/ICE Mid C Peak + Bank of Canada FXUSDCAD
2019-10-17,29.45,1.3143,0.038706135,EIA/ICE Mid C Peak + Bank of Canada FXUSDCAD
2019-10-18,26.21,1.3132,0.034418972,EIA/ICE Mid C Peak + Bank of Canada FXUSDCAD
2019-10-21,25.15,1.3096,0.03293644,EIA/ICE Mid C Peak + Bank of Canada FXUSDCAD
2019-10-22,22.67,1.3094,0.029684098,EIA/ICE Mid C Peak + Bank of Canada FXUSDCAD
2019-10-23,31.57,1.3086,0.041312502,EIA/ICE Mid C Peak + Bank of Canada FXUSDCAD
2019-10-24,29.7,1.3075,0.038832750000000006,EIA/ICE Mid C Peak + Bank of Canada FXUSDCAD
2019-10-25,25.17,1.3064,0.032882088000000004,EIA/ICE Mid C Peak + Bank of Canada FXUSDCAD
2019-10-28,39.85,1.3056,0.052028160000000004,EIA/ICE Mid C Peak + Bank of Canada FXUSDCAD
2019-10-29,49.43,1.3075,0.06462972500000001,EIA/ICE Mid C Peak + Bank of Canada FXUSDCAD
2019-10-30,54.32,1.3152,0.071441664,EIA/ICE Mid C Peak + Bank of Canada FXUSDCAD
2019-10-31,52.56,1.316,0.06916896000000002,EIA/ICE Mid C Peak + Bank of Canada FXUSDCAD
2019-11-01,43.04,1.3157,0.056627728,EIA/ICE Mid C Peak + Bank of Canada FXUSDCAD
2019-11-04,35.84,1.3148,0.047122432000000006,EIA/ICE Mid C Peak + Bank of Canada FXUSDCAD
2019-11-05,41.0,1.3153,0.0539273,EIA/ICE Mid C Peak + Bank of Canada FXUSDCAD
2019-11-06,40.77,1.3179,0.05373078300000001,EIA/ICE Mid C Peak + Bank of Canada FXUSDCAD
2019-11-07,33.31,1.3176,0.043889256,EIA/ICE Mid C Peak + Bank of Canada FXUSDCAD
2019-11-09,24.66,1.322425,0.032611000499999994,EIA/ICE Mid C Peak + Bank of Canada FXUSDCAD
2019-11-11,32.07,1.322675,0.04241818725,EIA/ICE Mid C Peak + Bank of Canada FXUSDCAD
2019-11-13,34.16,1.3249,0.04525858399999999,EIA/ICE Mid C Peak + Bank of Canada FXUSDCAD
2019-11-14,33.29,1.3258,0.044135882,EIA/ICE Mid C Peak + Bank of Canada FXUSDCAD
2019-11-15,23.82,1.3231,0.031516242,EIA/ICE Mid C Peak + Bank of Canada FXUSDCAD
2019-11-18,29.38,1.3214,0.03882273199999999,EIA/ICE Mid C Peak + Bank of Canada FXUSDCAD
2019-11-19,30.44,1.3237,0.040293428000000006,EIA/ICE Mid C Peak + Bank of Canada FXUSDCAD
2019-11-20,37.7,1.3304,0.050156080000000006,EIA/ICE Mid C Peak + Bank of Canada FXUSDCAD
2019-11-21,43.05,1.3285,0.057191925,EIA/ICE Mid C Peak + Bank of Canada FXUSDCAD
2019-11-22,39.07,1.3287,0.051912309000000004,EIA/ICE Mid C Peak + Bank of Canada FXUSDCAD
2019-11-25,37.53,1.3307,0.049941171000000006,EIA/ICE Mid C Peak + Bank of Canada FXUSDCAD
2019-11-26,49.63,1.3288,0.065948344,EIA/ICE Mid C Peak + Bank of Canada FXUSDCAD
2019-11-29,46.56,1.3289,0.061873584,EIA/ICE Mid C Peak + Bank of Canada FXUSDCAD
2019-12-02,45.68,1.3297,0.060740696000000004,EIA/ICE Mid C Peak + Bank of Canada FXUSDCAD
2019-12-03,37.1,1.3302,0.049350420000000006,EIA/ICE Mid C Peak + Bank of Canada FXUSDCAD
2019-12-04,30.34,1.3223,0.04011858200000001,EIA/ICE Mid C Peak + Bank of Canada FXUSDCAD
2019-12-05,31.96,1.3174,0.042104103999999996,EIA/ICE Mid C Peak + Bank of Canada FXUSDCAD
2019-12-06,29.36,1.3255,0.03891668,EIA/ICE Mid C Peak + Bank of Canada FXUSDCAD
2019-12-09,34.56,1.3235,0.04574016,EIA/ICE Mid C Peak + Bank of Canada FXUSDCAD
2019-12-10,39.15,1.3233,0.05180719499999999,EIA/ICE Mid C Peak + Bank of Canada FXUSDCAD
2019-12-11,38.21,1.3201,0.05044102100000001,EIA/ICE Mid C Peak + Bank of Canada FXUSDCAD
2019-12-12,29.95,1.3182,0.039480089999999995,EIA/ICE Mid C Peak + Bank of Canada FXUSDCAD
2019-12-13,30.89,1.3183,0.040722287,EIA/ICE Mid C Peak + Bank of Canada FXUSDCAD
2019-12-16,39.39,1.3142,0.051766338,EIA/ICE Mid C Peak + Bank of Canada FXUSDCAD
2019-12-17,39.97,1.316,0.052600520000000005,EIA/ICE Mid C Peak + Bank of Canada FXUSDCAD
2019-12-18,46.57,1.3119,0.061095183000000004,EIA/ICE Mid C Peak + Bank of Canada FXUSDCAD
2019-12-19,38.41,1.3122,0.050401602,EIA/ICE Mid C Peak + Bank of Canada FXUSDCAD
2019-12-20,29.89,1.3164,0.039347196,EIA/ICE Mid C Peak + Bank of Canada FXUSDCAD
2019-12-23,41.08,1.316,0.05406128,EIA/ICE Mid C Peak + Bank of Canada FXUSDCAD
2019-12-24,45.31,1.3157,0.05961436700000001,EIA/ICE Mid C Peak + Bank of Canada FXUSDCAD
2019-12-27,29.52,1.3078,0.038606256,EIA/ICE Mid C Peak + Bank of Canada FXUSDCAD
2019-12-30,35.75,1.3059,0.046685925,EIA/ICE Mid C Peak + Bank of Canada FXUSDCAD
2019-12-31,29.3,1.2988,0.03805484,EIA/ICE Mid C Peak + Bank of Canada FXUSDCAD
2020-01-02,29.24,1.2992,0.03798860799999999,EIA/ICE Mid C Peak + Bank of Canada FXUSDCAD
2020-01-03,23.92,1.2988,0.031067296,EIA/ICE Mid C Peak + Bank of Canada FXUSDCAD
2020-01-06,30.95,1.297,0.040142149999999995,EIA/ICE Mid C Peak + Bank of Canada FXUSDCAD
2020-01-07,26.22,1.3009,0.034109598,EIA/ICE Mid C Peak + Bank of Canada FXUSDCAD
2020-01-08,24.44,1.3026,0.031835544,EIA/ICE Mid C Peak + Bank of Canada FXUSDCAD
2020-01-09,34.07,1.3079,0.044560153,EIA/ICE Mid C Peak + Bank of Canada FXUSDCAD
2020-01-10,28.18,1.3051,0.036777718,EIA/ICE Mid C Peak + Bank of Canada FXUSDCAD
2020-01-13,38.74,1.3048,0.050547952,EIA/ICE Mid C Peak + Bank of Canada FXUSDCAD
2020-01-14,33.65,1.3062,0.043953629999999994,EIA/ICE Mid C Peak + Bank of Canada FXUSDCAD
2020-01-15,34.69,1.305,0.04527045,EIA/ICE Mid C Peak + Bank of Canada FXUSDCAD
2020-01-16,30.36,1.3045,0.03960462,EIA/ICE Mid C Peak + Bank of Canada FXUSDCAD
2020-01-18,24.15,1.3059,0.031537485,EIA/ICE Mid C Peak + Bank of Canada FXUSDCAD
2020-01-20,25.33,1.3053,0.03306324899999999,EIA/ICE Mid C Peak + Bank of Canada FXUSDCAD
2020-01-22,21.87,1.3116,0.028684692,EIA/ICE Mid C Peak + Bank of Canada FXUSDCAD
2020-01-23,17.66,1.3143,0.023210538,EIA/ICE Mid C Peak + Bank of Canada FXUSDCAD
2020-01-24,15.31,1.314,0.02011734,EIA/ICE Mid C Peak + Bank of Canada FXUSDCAD
2020-01-27,18.74,1.3182,0.024703067999999998,EIA/ICE Mid C Peak + Bank of Canada FXUSDCAD
2020-01-28,17.43,1.3179,0.022970997,EIA/ICE Mid C Peak + Bank of Canada FXUSDCAD
2020-01-29,17.07,1.3196,0.022525572000000004,EIA/ICE Mid C Peak + Bank of Canada FXUSDCAD
2020-01-30,14.94,1.3217,0.019746198,EIA/ICE Mid C Peak + Bank of Canada FXUSDCAD
2020-02-01,14.66,1.3247,0.019420102,EIA/ICE Mid C Peak + Bank of Canada FXUSDCAD
2020-02-03,24.95,1.3275,0.033121125,EIA/ICE Mid C Peak + Bank of Canada FXUSDCAD
2020-02-04,21.99,1.3278,0.029198322000000002,EIA/ICE Mid C Peak + Bank of Canada FXUSDCAD
2020-02-05,16.18,1.3289,0.021501601999999998,EIA/ICE Mid C Peak + Bank of Canada FXUSDCAD
2020-02-06,14.6,1.329,0.019403399999999998,EIA/ICE Mid C Peak + Bank of Canada FXUSDCAD
2020-02-07,13.67,1.3305,0.018187935,EIA/ICE Mid C Peak + Bank of Canada FXUSDCAD
2020-02-10,19.92,1.3319,0.026531448000000006,EIA/ICE Mid C Peak + Bank of Canada FXUSDCAD
2020-02-11,15.01,1.3292,0.019951292,EIA/ICE Mid C Peak + Bank of Canada FXUSDCAD
2020-02-12,16.03,1.3254,0.021246162000000002,EIA/ICE Mid C Peak + Bank of Canada FXUSDCAD
2020-02-13,13.03,1.3256,0.017272567999999995,EIA/ICE Mid C Peak + Bank of Canada FXUSDCAD
2020-02-15,12.27,1.3251249999999999,0.01625928375,EIA/ICE Mid C Peak + Bank of Canada FXUSDCAD
2020-02-17,17.54,1.3255750000000002,0.023250585500000004,EIA/ICE Mid C Peak + Bank of Canada FXUSDCAD
2020-02-19,27.52,1.3231,0.036411712,EIA/ICE Mid C Peak + Bank of Canada FXUSDCAD
2020-02-20,26.28,1.3254,0.034831511999999995,EIA/ICE Mid C Peak + Bank of Canada FXUSDCAD
2020-02-21,19.55,1.3224,0.02585292,EIA/ICE Mid C Peak + Bank of Canada FXUSDCAD
2020-02-24,17.63,1.3279,0.023410877,EIA/ICE Mid C Peak + Bank of Canada FXUSDCAD
2020-02-25,22.58,1.3281,0.029988498,EIA/ICE Mid C Peak + Bank of Canada FXUSDCAD
2020-02-26,18.92,1.3307,0.025176844000000004,EIA/ICE Mid C Peak + Bank of Canada FXUSDCAD
2020-02-27,20.17,1.3361,0.026949137000000005,EIA/ICE Mid C Peak + Bank of Canada FXUSDCAD
2020-02-28,14.88,1.3429,0.019982352000000002,EIA/ICE Mid C Peak + Bank of Canada FXUSDCAD
2020-03-02,17.81,1.3356,0.023787035999999998,EIA/ICE Mid C Peak + Bank of Canada FXUSDCAD
2020-03-03,15.93,1.3363,0.021287259,EIA/ICE Mid C Peak + Bank of Canada FXUSDCAD
2020-03-04,20.82,1.3392,0.027882144,EIA/ICE Mid C Peak + Bank of Canada FXUSDCAD
2020-03-05,25.75,1.3415,0.034543625,EIA/ICE Mid C Peak + Bank of Canada FXUSDCAD
2020-03-06,24.74,1.3421,0.033203553999999996,EIA/ICE Mid C Peak + Bank of Canada FXUSDCAD
2020-03-09,28.88,1.3598,0.039271023999999995,EIA/ICE Mid C Peak + Bank of Canada FXUSDCAD
2020-03-10,32.59,1.3731,0.044749329000000004,EIA/ICE Mid C Peak + Bank of Canada FXUSDCAD
2020-03-11,23.62,1.3745,0.032465690000000005,EIA/ICE Mid C Peak + Bank of Canada FXUSDCAD
2020-03-12,34.75,1.382,0.0480245,EIA/ICE Mid C Peak + Bank of Canada FXUSDCAD
2020-03-13,27.63,1.3901,0.038408463,EIA/ICE Mid C Peak + Bank of Canada FXUSDCAD
2020-03-16,37.97,1.3964,0.053021308,EIA/ICE Mid C Peak + Bank of Canada FXUSDCAD
2020-03-17,37.27,1.4175,0.05283022500000001,EIA/ICE Mid C Peak + Bank of Canada FXUSDCAD
2020-03-18,35.52,1.4496,0.051489792,EIA/ICE Mid C Peak + Bank of Canada FXUSDCAD
2020-03-19,27.81,1.4495,0.040310595,EIA/ICE Mid C Peak + Bank of Canada FXUSDCAD
2020-03-20,20.72,1.4332,0.029695904,EIA/ICE Mid C Peak + Bank of Canada FXUSDCAD
2020-03-23,19.06,1.4482,0.027602691999999998,EIA/ICE Mid C Peak + Bank of Canada FXUSDCAD
2020-03-24,21.61,1.4491,0.031315051,EIA/ICE Mid C Peak + Bank of Canada FXUSDCAD
2020-03-25,21.35,1.4302,0.030534770000000003,EIA/ICE Mid C Peak + Bank of Canada FXUSDCAD
2020-03-26,16.32,1.4077,0.022973663999999998,EIA/ICE Mid C Peak + Bank of Canada FXUSDCAD
2020-03-27,15.55,1.4056,0.02185708,EIA/ICE Mid C Peak + Bank of Canada FXUSDCAD
2020-03-30,15.29,1.4156,0.021644524,EIA/ICE Mid C Peak + Bank of Canada FXUSDCAD
2020-04-02,19.94,1.4179,0.028272926,EIA/ICE Mid C Peak + Bank of Canada FXUSDCAD
2020-04-03,22.41,1.4142,0.031692222,EIA/ICE Mid C Peak + Bank of Canada FXUSDCAD
2020-04-06,23.0,1.4127,0.0324921,EIA/ICE Mid C Peak + Bank of Canada FXUSDCAD
2020-04-07,19.28,1.3986,0.026965008000000006,EIA/ICE Mid C Peak + Bank of Canada FXUSDCAD
2020-04-08,23.39,1.4034,0.032825526,EIA/ICE Mid C Peak + Bank of Canada FXUSDCAD
2020-04-10,19.33,1.397275,0.02700932575,EIA/ICE Mid C Peak + Bank of Canada FXUSDCAD
2020-04-11,17.08,1.39605,0.023844534,EIA/ICE Mid C Peak + Bank of Canada FXUSDCAD
2020-04-13,25.31,1.3936,0.035272015999999996,EIA/ICE Mid C Peak + Bank of Canada FXUSDCAD
2020-04-14,16.77,1.3904,0.023317008,EIA/ICE Mid C Peak + Bank of Canada FXUSDCAD
2020-04-15,16.95,1.4086,0.023875769999999998,EIA/ICE Mid C Peak + Bank of Canada FXUSDCAD
2020-04-16,17.88,1.4122,0.025250136,EIA/ICE Mid C Peak + Bank of Canada FXUSDCAD
2020-04-17,17.04,1.4037,0.023919047999999995,EIA/ICE Mid C Peak + Bank of Canada FXUSDCAD
2020-04-20,21.27,1.4086,0.029960922,EIA/ICE Mid C Peak + Bank of Canada FXUSDCAD
2020-04-21,14.87,1.4203,0.021119860999999997,EIA/ICE Mid C Peak + Bank of Canada FXUSDCAD
2020-04-22,15.72,1.4155,0.02225166,EIA/ICE Mid C Peak + Bank of Canada FXUSDCAD
2020-04-23,12.61,1.4063,0.017733443,EIA/ICE Mid C Peak + Bank of Canada FXUSDCAD
2020-04-24,18.3,1.409,0.0257847,EIA/ICE Mid C Peak + Bank of Canada FXUSDCAD
2020-04-26,18.97,1.4065333333333334,0.026681937333333332,EIA/ICE Mid C Peak + Bank of Canada FXUSDCAD
2020-04-27,12.11,1.4053,0.017018183,EIA/ICE Mid C Peak + Bank of Canada FXUSDCAD
2020-04-28,16.84,1.3978,0.023538952,EIA/ICE Mid C Peak + Bank of Canada FXUSDCAD
2020-04-29,13.93,1.3922,0.019393346000000002,EIA/ICE Mid C Peak + Bank of Canada FXUSDCAD
2020-04-30,12.19,1.391,0.01695629,EIA/ICE Mid C Peak + Bank of Canada FXUSDCAD
2020-05-01,16.1,1.4066,0.02264626,EIA/ICE Mid C Peak + Bank of Canada FXUSDCAD
2020-05-04,11.94,1.4085,0.01681749,EIA/ICE Mid C Peak + Bank of Canada FXUSDCAD
2020-05-05,15.54,1.4032,0.021805728,EIA/ICE Mid C Peak + Bank of Canada FXUSDCAD
2020-05-06,8.11,1.4124,0.011454563999999999,EIA/ICE Mid C Peak + Bank of Canada FXUSDCAD
2020-05-07,18.72,1.4015,0.02623608,EIA/ICE Mid C Peak + Bank of Canada FXUSDCAD
2020-05-08,14.7,1.3934,0.020482979999999998,EIA/ICE Mid C Peak + Bank of Canada FXUSDCAD
2020-05-11,13.69,1.4012,0.019182427999999998,EIA/ICE Mid C Peak + Bank of Canada FXUSDCAD
2020-05-12,11.78,1.4015,0.01650967,EIA/ICE Mid C Peak + Bank of Canada FXUSDCAD
2020-05-13,7.77,1.4073,0.010934721,EIA/ICE Mid C Peak + Bank of Canada FXUSDCAD
2020-05-14,11.38,1.409,0.01603442,EIA/ICE Mid C Peak + Bank of Canada FXUSDCAD
2020-05-15,11.48,1.4094,0.016179912,EIA/ICE Mid C Peak + Bank of Canada FXUSDCAD
2020-05-18,13.11,1.394325,0.01827960075,EIA/ICE Mid C Peak + Bank of Canada FXUSDCAD
2020-05-19,6.74,1.3893,0.009363882,EIA/ICE Mid C Peak + Bank of Canada FXUSDCAD
2020-05-20,0.09,1.3892,0.000125028,EIA/ICE Mid C Peak + Bank of Canada FXUSDCAD
2020-05-23,4.33,1.4004666666666667,0.006064020666666667,EIA/ICE Mid C Peak + Bank of Canada FXUSDCAD
2020-05-26,16.51,1.3804,0.022790404000000004,EIA/ICE Mid C Peak + Bank of Canada FXUSDCAD
2020-05-27,21.21,1.378,0.02922738,EIA/ICE Mid C Peak + Bank of Canada FXUSDCAD
2020-05-28,20.88,1.3764,0.028739232,EIA/ICE Mid C Peak + Bank of Canada FXUSDCAD
2020-05-30,2.28,1.3734666666666666,0.003131504,EIA/ICE Mid C Peak + Bank of Canada FXUSDCAD
2020-06-01,10.67,1.363,0.01454321,EIA/ICE Mid C Peak + Bank of Canada FXUSDCAD
2020-06-02,12.16,1.3515,0.01643424,EIA/ICE Mid C Peak + Bank of Canada FXUSDCAD
2020-06-03,13.58,1.3504,0.018338432,EIA/ICE Mid C Peak + Bank of Canada FXUSDCAD
2020-06-04,17.63,1.3508,0.023814604,EIA/ICE Mid C Peak + Bank of Canada FXUSDCAD
2020-06-05,1.99,1.3429,0.002672371,EIA/ICE Mid C Peak + Bank of Canada FXUSDCAD
2020-06-08,0.41,1.3383,0.000548703,EIA/ICE Mid C Peak + Bank of Canada FXUSDCAD
2020-06-09,15.0,1.3423,0.0201345,EIA/ICE Mid C Peak + Bank of Canada FXUSDCAD
2020-06-10,20.13,1.339,0.026954069999999997,EIA/ICE Mid C Peak + Bank of Canada FXUSDCAD
2020-06-11,17.05,1.3553,0.023107865000000002,EIA/ICE Mid C Peak + Bank of Canada FXUSDCAD
2020-06-12,6.22,1.3596,0.008456712,EIA/ICE Mid C Peak + Bank of Canada FXUSDCAD
2020-06-15,14.37,1.3604,0.019548948,EIA/ICE Mid C Peak + Bank of Canada FXUSDCAD
2020-06-16,13.07,1.3558,0.017720305999999998,EIA/ICE Mid C Peak + Bank of Canada FXUSDCAD
2020-06-17,6.74,1.3555,0.00913607,EIA/ICE Mid C Peak + Bank of Canada FXUSDCAD
2020-06-18,11.81,1.3589,0.016048609,EIA/ICE Mid C Peak + Bank of Canada FXUSDCAD
2020-06-19,13.92,1.3587,0.018913104,EIA/ICE Mid C Peak + Bank of Canada FXUSDCAD
2020-06-22,14.78,1.3545,0.02001951,EIA/ICE Mid C Peak + Bank of Canada FXUSDCAD
2020-06-23,19.18,1.3516,0.025923687999999997,EIA/ICE Mid C Peak + Bank of Canada FXUSDCAD
2020-06-24,7.16,1.3591,0.009731156000000001,EIA/ICE Mid C Peak + Bank of Canada FXUSDCAD
2020-06-25,18.43,1.3645,0.025147735,EIA/ICE Mid C Peak + Bank of Canada FXUSDCAD
2020-06-26,1.03,1.3676,0.001408628,EIA/ICE Mid C Peak + Bank of Canada FXUSDCAD
2020-06-29,10.12,1.3682,0.013846184,EIA/ICE Mid C Peak + Bank of Canada FXUSDCAD
2020-06-30,0.88,1.3628,0.001199264,EIA/ICE Mid C Peak + Bank of Canada FXUSDCAD
2020-07-01,2.69,1.3607,0.0036602830000000003,EIA/ICE Mid C Peak + Bank of Canada FXUSDCAD
2020-07-03,12.86,1.3565,0.01744459,EIA/ICE Mid C Peak + Bank of Canada FXUSDCAD
2020-07-06,13.11,1.3543,0.017754873,EIA/ICE Mid C Peak + Bank of Canada FXUSDCAD
2020-07-07,12.99,1.3583,0.017644317,EIA/ICE Mid C Peak + Bank of Canada FXUSDCAD
2020-07-08,14.88,1.3538,0.020144544,EIA/ICE Mid C Peak + Bank of Canada FXUSDCAD
2020-07-09,14.2,1.3555,0.019248099999999997,EIA/ICE Mid C Peak + Bank of Canada FXUSDCAD
2020-07-10,16.8,1.3594,0.02283792,EIA/ICE Mid C Peak + Bank of Canada FXUSDCAD
2020-07-13,18.86,1.3567,0.025587362,EIA/ICE Mid C Peak + Bank of Canada FXUSDCAD
2020-07-14,17.66,1.3616,0.024045856,EIA/ICE Mid C Peak + Bank of Canada FXUSDCAD
2020-07-15,19.46,1.3534,0.026337164,EIA/ICE Mid C Peak + Bank of Canada FXUSDCAD
2020-07-16,15.4,1.3543,0.02085622,EIA/ICE Mid C Peak + Bank of Canada FXUSDCAD
2020-07-17,14.8,1.3574,0.02008952,EIA/ICE Mid C Peak + Bank of Canada FXUSDCAD
2020-07-20,29.54,1.3543,0.040006022,EIA/ICE Mid C Peak + Bank of Canada FXUSDCAD
2020-07-21,20.73,1.3446,0.027873558,EIA/ICE Mid C Peak + Bank of Canada FXUSDCAD
2020-07-22,17.89,1.342,0.024008380000000003,EIA/ICE Mid C Peak + Bank of Canada FXUSDCAD
2020-07-23,14.49,1.3392,0.019405007999999998,EIA/ICE Mid C Peak + Bank of Canada FXUSDCAD
2020-07-24,15.47,1.3421,0.020762287,EIA/ICE Mid C Peak + Bank of Canada FXUSDCAD
2020-07-27,42.11,1.3378,0.056334758,EIA/ICE Mid C Peak + Bank of Canada FXUSDCAD
2020-07-28,24.16,1.3373,0.032309168,EIA/ICE Mid C Peak + Bank of Canada FXUSDCAD
2020-07-29,39.85,1.336,0.053239600000000005,EIA/ICE Mid C Peak + Bank of Canada FXUSDCAD
2020-07-30,37.08,1.3432,0.049805855999999996,EIA/ICE Mid C Peak + Bank of Canada FXUSDCAD
2020-08-01,20.01,1.3396,0.026805396000000002,EIA/ICE Mid C Peak + Bank of Canada FXUSDCAD
2020-08-03,21.05,1.338,0.028164900000000003,EIA/ICE Mid C Peak + Bank of Canada FXUSDCAD
2020-08-04,29.95,1.3372,0.04004914,EIA/ICE Mid C Peak + Bank of Canada FXUSDCAD
2020-08-05,22.22,1.3262,0.029468163999999998,EIA/ICE Mid C Peak + Bank of Canada FXUSDCAD
2020-08-06,12.61,1.3292,0.016761211999999998,EIA/ICE Mid C Peak + Bank of Canada FXUSDCAD
2020-08-07,17.57,1.3377,0.023503389,EIA/ICE Mid C Peak + Bank of Canada FXUSDCAD
2020-08-10,28.76,1.3354,0.038406103999999996,EIA/ICE Mid C Peak + Bank of Canada FXUSDCAD
2020-08-11,15.95,1.3291,0.021199145,EIA/ICE Mid C Peak + Bank of Canada FXUSDCAD
2020-08-12,17.1,1.3254,0.022664339999999998,EIA/ICE Mid C Peak + Bank of Canada FXUSDCAD
2020-08-13,23.02,1.3217,0.030425534000000004,EIA/ICE Mid C Peak + Bank of Canada FXUSDCAD
2020-08-14,51.07,1.325,0.06766775,EIA/ICE Mid C Peak + Bank of Canada FXUSDCAD
2020-08-17,106.03,1.3207,0.140033821,EIA/ICE Mid C Peak + Bank of Canada FXUSDCAD
2020-08-18,195.26,1.317,0.25715742,EIA/ICE Mid C Peak + Bank of Canada FXUSDCAD
2020-08-19,110.0,1.3171,0.144881,EIA/ICE Mid C Peak + Bank of Canada FXUSDCAD
2020-08-20,29.03,1.3195,0.038305084999999996,EIA/ICE Mid C Peak + Bank of Canada FXUSDCAD
2020-08-21,19.76,1.3205,0.02609308,EIA/ICE Mid C Peak + Bank of Canada FXUSDCAD
2020-08-24,30.74,1.3207,0.040598318,EIA/ICE Mid C Peak + Bank of Canada FXUSDCAD
2020-08-25,28.06,1.3194,0.037022363999999995,EIA/ICE Mid C Peak + Bank of Canada FXUSDCAD
2020-08-26,24.95,1.3155,0.032821724999999996,EIA/ICE Mid C Peak + Bank of Canada FXUSDCAD
2020-08-27,23.01,1.3129,0.030209829000000004,EIA/ICE Mid C Peak + Bank of Canada FXUSDCAD
2020-08-28,19.16,1.3097,0.025093852000000003,EIA/ICE Mid C Peak + Bank of Canada FXUSDCAD
2020-08-31,32.21,1.3042,0.042008282,EIA/ICE Mid C Peak + Bank of Canada FXUSDCAD
2020-09-01,44.35,1.3055,0.057898925000000004,EIA/ICE Mid C Peak + Bank of Canada FXUSDCAD
2020-09-02,32.52,1.3067,0.042493884,EIA/ICE Mid C Peak + Bank of Canada FXUSDCAD
2020-09-03,116.39,1.3123,0.152738597,EIA/ICE Mid C Peak + Bank of Canada FXUSDCAD
2020-09-05,49.5,1.31145,0.064916775,EIA/ICE Mid C Peak + Bank of Canada FXUSDCAD
2020-09-08,37.8,1.3191,0.04986197999999999,EIA/ICE Mid C Peak + Bank of Canada FXUSDCAD
2020-09-09,38.5,1.3173,0.05071605,EIA/ICE Mid C Peak + Bank of Canada FXUSDCAD
2020-09-10,33.59,1.3162,0.04421115800000001,EIA/ICE Mid C Peak + Bank of Canada FXUSDCAD
2020-09-11,25.55,1.3186,0.03369023,EIA/ICE Mid C Peak + Bank of Canada FXUSDCAD
2020-09-14,24.93,1.3175,0.03284527499999999,EIA/ICE Mid C Peak + Bank of Canada FXUSDCAD
2020-09-15,32.43,1.3176,0.042729768,EIA/ICE Mid C Peak + Bank of Canada FXUSDCAD
2020-09-16,35.86,1.3168,0.047220448,EIA/ICE Mid C Peak + Bank of Canada FXUSDCAD
2020-09-17,36.26,1.32,0.0478632,EIA/ICE Mid C Peak + Bank of Canada FXUSDCAD
2020-09-18,24.31,1.3186,0.032055166,EIA/ICE Mid C Peak + Bank of Canada FXUSDCAD
2020-09-21,29.56,1.3293,0.039294107999999994,EIA/ICE Mid C Peak + Bank of Canada FXUSDCAD
2020-09-22,30.28,1.331,0.04030268,EIA/ICE Mid C Peak + Bank of Canada FXUSDCAD
2020-09-23,29.63,1.3358,0.039579754,EIA/ICE Mid C Peak + Bank of Canada FXUSDCAD
2020-09-24,26.62,1.3374,0.035601587999999997,EIA/ICE Mid C Peak + Bank of Canada FXUSDCAD
2020-09-25,25.92,1.3396,0.034722432,EIA/ICE Mid C Peak + Bank of Canada FXUSDCAD
2020-09-28,29.29,1.3378,0.039184162,EIA/ICE Mid C Peak + Bank of Canada FXUSDCAD
2020-09-29,36.18,1.3391,0.048448637999999995,EIA/ICE Mid C Peak + Bank of Canada FXUSDCAD
2020-09-30,44.17,1.3339,0.05891836300000001,EIA/ICE Mid C Peak + Bank of Canada FXUSDCAD
2020-10-01,42.88,1.3292,0.056996096,EIA/ICE Mid C Peak + Bank of Canada FXUSDCAD
2020-10-02,28.98,1.331,0.03857238,EIA/ICE Mid C Peak + Bank of Canada FXUSDCAD
2020-10-05,26.41,1.3269,0.035043428999999994,EIA/ICE Mid C Peak + Bank of Canada FXUSDCAD
2020-10-06,38.95,1.3272,0.05169444,EIA/ICE Mid C Peak + Bank of Canada FXUSDCAD
2020-10-07,43.16,1.3275,0.05729489999999999,EIA/ICE Mid C Peak + Bank of Canada FXUSDCAD
2020-10-08,28.0,1.322,0.03701600000000001,EIA/ICE Mid C Peak + Bank of Canada FXUSDCAD
2020-10-09,27.79,1.3136,0.036504944000000004,EIA/ICE Mid C Peak + Bank of Canada FXUSDCAD
2020-10-12,30.16,1.313375,0.03961139,EIA/ICE Mid C Peak + Bank of Canada FXUSDCAD
2020-10-13,28.52,1.3133,0.037455315999999995,EIA/ICE Mid C Peak + Bank of Canada FXUSDCAD
2020-10-14,29.22,1.3139,0.038392158,EIA/ICE Mid C Peak + Bank of Canada FXUSDCAD
2020-10-15,50.78,1.323,0.06718194,EIA/ICE Mid C Peak + Bank of Canada FXUSDCAD
2020-10-16,31.2,1.3192,0.041159039999999994,EIA/ICE Mid C Peak + Bank of Canada FXUSDCAD
2020-10-19,32.38,1.3165,0.04262827,EIA/ICE Mid C Peak + Bank of Canada FXUSDCAD
2020-10-20,32.94,1.3138,0.043276572,EIA/ICE Mid C Peak + Bank of Canada FXUSDCAD
2020-10-21,28.68,1.3122,0.037633896,EIA/ICE Mid C Peak + Bank of Canada FXUSDCAD
2020-10-22,49.84,1.3142,0.06549972800000001,EIA/ICE Mid C Peak + Bank of Canada FXUSDCAD
2020-10-23,37.74,1.314,0.04959036000000001,EIA/ICE Mid C Peak + Bank of Canada FXUSDCAD
2020-10-26,36.04,1.3201,0.047576404,EIA/ICE Mid C Peak + Bank of Canada FXUSDCAD
2020-10-27,37.58,1.3164,0.049470312,EIA/ICE Mid C Peak + Bank of Canada FXUSDCAD
2020-10-28,36.05,1.3302,0.047953710000000004,EIA/ICE Mid C Peak + Bank of Canada FXUSDCAD
2020-10-29,33.53,1.3349,0.044759197,EIA/ICE Mid C Peak + Bank of Canada FXUSDCAD
2020-10-30,24.37,1.3318,0.032455966,EIA/ICE Mid C Peak + Bank of Canada FXUSDCAD
2020-11-02,32.17,1.3257,0.042647769,EIA/ICE Mid C Peak + Bank of Canada FXUSDCAD
2020-11-03,24.58,1.3145,0.03231041,EIA/ICE Mid C Peak + Bank of Canada FXUSDCAD
2020-11-04,23.15,1.3138,0.030414470000000002,EIA/ICE Mid C Peak + Bank of Canada FXUSDCAD
2020-11-05,24.88,1.3051,0.032470887999999996,EIA/ICE Mid C Peak + Bank of Canada FXUSDCAD
2020-11-06,24.41,1.3039,0.031828199,EIA/ICE Mid C Peak + Bank of Canada FXUSDCAD
2020-11-09,28.96,1.297,0.03756112,EIA/ICE Mid C Peak + Bank of Canada FXUSDCAD
2020-11-10,23.87,1.3017,0.031071579000000002,EIA/ICE Mid C Peak + Bank of Canada FXUSDCAD
2020-11-11,31.23,1.307,0.040817610000000004,EIA/ICE Mid C Peak + Bank of Canada FXUSDCAD
2020-11-13,24.0,1.3147,0.0315528,EIA/ICE Mid C Peak + Bank of Canada FXUSDCAD
2020-11-16,29.7,1.3085,0.03886244999999999,EIA/ICE Mid C Peak + Bank of Canada FXUSDCAD
2020-11-17,24.77,1.3094,0.03243383799999999,EIA/ICE Mid C Peak + Bank of Canada FXUSDCAD
2020-11-18,26.45,1.3063,0.034551635,EIA/ICE Mid C Peak + Bank of Canada FXUSDCAD
2020-11-19,23.6,1.3083,0.03087588,EIA/ICE Mid C Peak + Bank of Canada FXUSDCAD
2020-11-20,27.91,1.3071,0.036481161,EIA/ICE Mid C Peak + Bank of Canada FXUSDCAD
2020-11-23,27.1,1.3082,0.035452220000000007,EIA/ICE Mid C Peak + Bank of Canada FXUSDCAD
2020-11-24,25.34,1.3033,0.033025622,EIA/ICE Mid C Peak + Bank of Canada FXUSDCAD
2020-11-27,26.51,1.2985,0.034423234999999996,EIA/ICE Mid C Peak + Bank of Canada FXUSDCAD
2020-11-28,28.82,1.2978333333333334,0.037403556666666664,EIA/ICE Mid C Peak + Bank of Canada FXUSDCAD
2020-12-01,33.74,1.2952,0.043700048000000005,EIA/ICE Mid C Peak + Bank of Canada FXUSDCAD
2020-12-02,33.47,1.2934,0.043290098,EIA/ICE Mid C Peak + Bank of Canada FXUSDCAD
2020-12-03,34.26,1.288,0.04412688,EIA/ICE Mid C Peak + Bank of Canada FXUSDCAD
2020-12-04,30.56,1.2801,0.039119856,EIA/ICE Mid C Peak + Bank of Canada FXUSDCAD
2020-12-07,29.77,1.2801,0.038108577,EIA/ICE Mid C Peak + Bank of Canada FXUSDCAD
2020-12-08,27.42,1.2808,0.03511953600000001,EIA/ICE Mid C Peak + Bank of Canada FXUSDCAD
2020-12-09,26.54,1.2803,0.03397916199999999,EIA/ICE Mid C Peak + Bank of Canada FXUSDCAD
2020-12-10,29.58,1.2734,0.037667172,EIA/ICE Mid C Peak + Bank of Canada FXUSDCAD
2020-12-11,30.2,1.2769,0.03856238,EIA/ICE Mid C Peak + Bank of Canada FXUSDCAD
2020-12-14,29.77,1.2757,0.037977589,EIA/ICE Mid C Peak + Bank of Canada FXUSDCAD
2020-12-15,32.85,1.2722,0.04179177,EIA/ICE Mid C Peak + Bank of Canada FXUSDCAD
2020-12-16,33.3,1.2753,0.04246749,EIA/ICE Mid C Peak + Bank of Canada FXUSDCAD
2020-12-17,26.16,1.2718,0.033270288,EIA/ICE Mid C Peak + Bank of Canada FXUSDCAD
2020-12-18,24.92,1.2775,0.031835300000000004,EIA/ICE Mid C Peak + Bank of Canada FXUSDCAD
2020-12-21,24.85,1.2849,0.031929765,EIA/ICE Mid C Peak + Bank of Canada FXUSDCAD
2020-12-22,32.51,1.2908,0.041963907999999994,EIA/ICE Mid C Peak + Bank of Canada FXUSDCAD
2020-12-24,34.13,1.2835,0.04380585500000001,EIA/ICE Mid C Peak + Bank of Canada FXUSDCAD
2020-12-26,32.08,1.28234,0.04113746719999999,EIA/ICE Mid C Peak + Bank of Canada FXUSDCAD
2020-12-29,37.37,1.2806,0.047856022,EIA/ICE Mid C Peak + Bank of Canada FXUSDCAD
2020-12-30,29.96,1.2769,0.038255924000000004,EIA/ICE Mid C Peak + Bank of Canada FXUSDCAD
2021-01-02,22.46,1.2741500000000001,0.028617409000000003,EIA/ICE Mid C Peak + Bank of Canada FXUSDCAD
2021-01-04,27.69,1.2751,0.035307519,EIA/ICE Mid C Peak + Bank of Canada FXUSDCAD
2021-01-05,23.84,1.2707,0.030293488,EIA/ICE Mid C Peak + Bank of Canada FXUSDCAD
2021-01-06,21.4,1.2685,0.027145899999999997,EIA/ICE Mid C Peak + Bank of Canada FXUSDCAD
2021-01-07,22.04,1.2707,0.028006227999999998,EIA/ICE Mid C Peak + Bank of Canada FXUSDCAD
2021-01-08,22.33,1.2705,0.028370264999999995,EIA/ICE Mid C Peak + Bank of Canada FXUSDCAD
2021-01-11,26.49,1.2788,0.033875412,EIA/ICE Mid C Peak + Bank of Canada FXUSDCAD
2021-01-12,18.82,1.2746,0.023987972,EIA/ICE Mid C Peak + Bank of Canada FXUSDCAD
2021-01-13,17.84,1.271,0.022674639999999996,EIA/ICE Mid C Peak + Bank of Canada FXUSDCAD
2021-01-14,23.48,1.2654,0.029711592000000002,EIA/ICE Mid C Peak + Bank of Canada FXUSDCAD
2021-01-16,19.8,1.2738666666666667,0.02522256,EIA/ICE Mid C Peak + Bank of Canada FXUSDCAD
2021-01-18,24.53,1.2762,0.031305186000000006,EIA/ICE Mid C Peak + Bank of Canada FXUSDCAD
2021-01-20,25.05,1.2656,0.03170328,EIA/ICE Mid C Peak + Bank of Canada FXUSDCAD
2021-01-21,24.66,1.2627,0.031138181999999997,EIA/ICE Mid C Peak + Bank of Canada FXUSDCAD
2021-01-22,23.77,1.2716,0.030225932,EIA/ICE Mid C Peak + Bank of Canada FXUSDCAD
2021-01-25,23.79,1.2738,0.030303702000000002,EIA/ICE Mid C Peak + Bank of Canada FXUSDCAD
2021-01-26,27.51,1.2702,0.034943202,EIA/ICE Mid C Peak + Bank of Canada FXUSDCAD
2021-01-27,25.83,1.2775,0.032997825,EIA/ICE Mid C Peak + Bank of Canada FXUSDCAD
2021-01-28,26.49,1.281,0.033933689999999996,EIA/ICE Mid C Peak + Bank of Canada FXUSDCAD
2021-01-30,22.02,1.2794666666666668,0.028173856,EIA/ICE Mid C Peak + Bank of Canada FXUSDCAD
2021-02-01,25.2,1.2824,0.03231648,EIA/ICE Mid C Peak + Bank of Canada FXUSDCAD
2021-02-02,24.23,1.2818,0.031058014,EIA/ICE Mid C Peak + Bank of Canada FXUSDCAD
2021-02-03,24.93,1.2783,0.031868019,EIA/ICE Mid C Peak + Bank of Canada FXUSDCAD
2021-02-04,20.01,1.2828,0.025668828,EIA/ICE Mid C Peak + Bank of Canada FXUSDCAD
2021-02-05,19.96,1.2777,0.025502892000000003,EIA/ICE Mid C Peak + Bank of Canada FXUSDCAD
2021-02-08,30.16,1.2753,0.038463048,EIA/ICE Mid C Peak + Bank of Canada FXUSDCAD
2021-02-09,37.53,1.2719,0.047734407000000006,EIA/ICE Mid C Peak + Bank of Canada FXUSDCAD
2021-02-10,35.44,1.2689,0.044969815999999996,EIA/ICE Mid C Peak + Bank of Canada FXUSDCAD
2021-02-11,39.07,1.2686,0.049564202,EIA/ICE Mid C Peak + Bank of Canada FXUSDCAD
2021-02-13,69.45,1.270425,0.08823101625,EIA/ICE Mid C Peak + Bank of Canada FXUSDCAD
2021-02-15,151.51,1.269075,0.19227755324999998,EIA/ICE Mid C Peak + Bank of Canada FXUSDCAD
2021-02-17,190.99,1.2712,0.24278648800000002,EIA/ICE Mid C Peak + Bank of Canada FXUSDCAD
2021-02-18,146.01,1.2696,0.185374296,EIA/ICE Mid C Peak + Bank of Canada FXUSDCAD
2021-02-19,34.44,1.2614,0.043442616,EIA/ICE Mid C Peak + Bank of Canada FXUSDCAD
2021-02-22,23.86,1.2613,0.030094618,EIA/ICE Mid C Peak + Bank of Canada FXUSDCAD
2021-02-23,24.79,1.2603,0.031242837,EIA/ICE Mid C Peak + Bank of Canada FXUSDCAD
2021-02-24,28.25,1.2548,0.035448099999999996,EIA/ICE Mid C Peak + Bank of Canada FXUSDCAD
2021-02-25,19.83,1.253,0.024846989999999996,EIA/ICE Mid C Peak + Bank of Canada FXUSDCAD
2021-02-27,24.67,1.2677,0.031274159,EIA/ICE Mid C Peak + Bank of Canada FXUSDCAD
2021-03-01,24.82,1.2661,0.031424602,EIA/ICE Mid C Peak + Bank of Canada FXUSDCAD
2021-03-02,25.01,1.2626,0.031577626000000004,EIA/ICE Mid C Peak + Bank of Canada FXUSDCAD
2021-03-03,26.63,1.2631,0.033636352999999994,EIA/ICE Mid C Peak + Bank of Canada FXUSDCAD
2021-03-04,24.5,1.2637,0.030960650000000003,EIA/ICE Mid C Peak + Bank of Canada FXUSDCAD
2021-03-05,23.37,1.2668,0.029605115999999997,EIA/ICE Mid C Peak + Bank of Canada FXUSDCAD
2021-03-08,33.77,1.266,0.042752820000000004,EIA/ICE Mid C Peak + Bank of Canada FXUSDCAD
2021-03-09,39.52,1.2635,0.04993352000000001,EIA/ICE Mid C Peak + Bank of Canada FXUSDCAD
2021-03-10,34.34,1.2637,0.043395458000000005,EIA/ICE Mid C Peak + Bank of Canada FXUSDCAD
2021-03-11,36.93,1.2561,0.046387773,EIA/ICE Mid C Peak + Bank of Canada FXUSDCAD
2021-03-12,32.33,1.2493,0.040389868999999995,EIA/ICE Mid C Peak + Bank of Canada FXUSDCAD
2021-03-15,24.95,1.248,0.031137599999999998,EIA/ICE Mid C Peak + Bank of Canada FXUSDCAD
2021-03-16,31.41,1.2455,0.039121155000000005,EIA/ICE Mid C Peak + Bank of Canada FXUSDCAD
2021-03-17,31.27,1.2465,0.038978055,EIA/ICE Mid C Peak + Bank of Canada FXUSDCAD
2021-03-18,26.55,1.2458,0.033075990000000006,EIA/ICE Mid C Peak + Bank of Canada FXUSDCAD
2021-03-19,21.81,1.2506,0.027275585999999997,EIA/ICE Mid C Peak + Bank of Canada FXUSDCAD
2021-03-22,22.38,1.2513,0.028004094000000004,EIA/ICE Mid C Peak + Bank of Canada FXUSDCAD
2021-03-23,28.54,1.2562,0.035851948,EIA/ICE Mid C Peak + Bank of Canada FXUSDCAD
2021-03-24,24.2,1.2562,0.030400039999999996,EIA/ICE Mid C Peak + Bank of Canada FXUSDCAD
2021-03-25,26.26,1.2606,0.033103356,EIA/ICE Mid C Peak + Bank of Canada FXUSDCAD
2021-03-26,22.92,1.258,0.028833360000000002,EIA/ICE Mid C Peak + Bank of Canada FXUSDCAD
2021-03-29,20.32,1.2594,0.025591008000000002,EIA/ICE Mid C Peak + Bank of Canada FXUSDCAD
2021-03-30,28.99,1.2631,0.036617268999999994,EIA/ICE Mid C Peak + Bank of Canada FXUSDCAD
2021-03-31,34.71,1.2575,0.043647825,EIA/ICE Mid C Peak + Bank of Canada FXUSDCAD
2021-04-01,26.18,1.2565,0.03289517,EIA/ICE Mid C Peak + Bank of Canada FXUSDCAD
2021-04-03,34.15,1.2545,0.042841175,EIA/ICE Mid C Peak + Bank of Canada FXUSDCAD
2021-04-06,36.11,1.2559,0.045350549000000004,EIA/ICE Mid C Peak + Bank of Canada FXUSDCAD
2021-04-07,30.49,1.2617,0.038469233000000005,EIA/ICE Mid C Peak + Bank of Canada FXUSDCAD
2021-04-08,32.43,1.2579,0.040793697000000004,EIA/ICE Mid C Peak + Bank of Canada FXUSDCAD
2021-04-09,38.58,1.2544,0.048394752,EIA/ICE Mid C Peak + Bank of Canada FXUSDCAD
2021-04-12,60.8,1.2553,0.07632224000000001,EIA/ICE Mid C Peak + Bank of Canada FXUSDCAD
2021-04-13,34.25,1.2554,0.04299745,EIA/ICE Mid C Peak + Bank of Canada FXUSDCAD
2021-04-14,36.96,1.2533,0.046321968000000005,EIA/ICE Mid C Peak + Bank of Canada FXUSDCAD
2021-04-15,50.01,1.253,0.06266253,EIA/ICE Mid C Peak + Bank of Canada FXUSDCAD
2021-04-16,56.45,1.2503,0.07057943500000001,EIA/ICE Mid C Peak + Bank of Canada FXUSDCAD
2021-04-19,45.27,1.2519,0.05667351300000001,EIA/ICE Mid C Peak + Bank of Canada FXUSDCAD
2021-04-20,41.37,1.2572,0.052010364,EIA/ICE Mid C Peak + Bank of Canada FXUSDCAD
2021-04-21,39.3,1.2523,0.04921538999999999,EIA/ICE Mid C Peak + Bank of Canada FXUSDCAD
2021-04-22,34.99,1.25,0.043737500000000006,EIA/ICE Mid C Peak + Bank of Canada FXUSDCAD
2021-04-23,42.15,1.2489,0.05264113499999999,EIA/ICE Mid C Peak + Bank of Canada FXUSDCAD
2021-04-26,37.15,1.2412,0.04611058,EIA/ICE Mid C Peak + Bank of Canada FXUSDCAD
2021-04-27,41.4,1.2403,0.05134842,EIA/ICE Mid C Peak + Bank of Canada FXUSDCAD
2021-04-28,36.28,1.2357,0.044831196000000004,EIA/ICE Mid C Peak + Bank of Canada FXUSDCAD
2021-04-29,35.7,1.2292,0.04388244,EIA/ICE Mid C Peak + Bank of Canada FXUSDCAD
2021-05-01,23.63,1.2283,0.029024728999999996,EIA/ICE Mid C Peak + Bank of Canada FXUSDCAD
2021-05-03,31.94,1.2279,0.039219126,EIA/ICE Mid C Peak + Bank of Canada FXUSDCAD
2021-05-04,34.32,1.2315,0.042265080000000003,EIA/ICE Mid C Peak + Bank of Canada FXUSDCAD
2021-05-05,41.1,1.2272,0.050437920000000004,EIA/ICE Mid C Peak + Bank of Canada FXUSDCAD
2021-05-06,26.44,1.22,0.032256799999999995,EIA/ICE Mid C Peak + Bank of Canada FXUSDCAD
2021-05-07,19.8,1.2156,0.02406888,EIA/ICE Mid C Peak + Bank of Canada FXUSDCAD
2021-05-10,35.78,1.2095,0.04327591,EIA/ICE Mid C Peak + Bank of Canada FXUSDCAD
2021-05-11,46.91,1.2096,0.056742336,EIA/ICE Mid C Peak + Bank of Canada FXUSDCAD
2021-05-12,50.0,1.2096,0.060480000000000006,EIA/ICE Mid C Peak + Bank of Canada FXUSDCAD
2021-05-13,41.12,1.215,0.0499608,EIA/ICE Mid C Peak + Bank of Canada FXUSDCAD
2021-05-14,43.3,1.2109,0.05243197,EIA/ICE Mid C Peak + Bank of Canada FXUSDCAD
2021-05-17,38.02,1.2081,0.045931962,EIA/ICE Mid C Peak + Bank of Canada FXUSDCAD
2021-05-18,31.56,1.2051,0.038032956,EIA/ICE Mid C Peak + Bank of Canada FXUSDCAD
2021-05-19,38.95,1.21,0.0471295,EIA/ICE Mid C Peak + Bank of Canada FXUSDCAD
2021-05-20,35.8,1.207,0.0432106,EIA/ICE Mid C Peak + Bank of Canada FXUSDCAD
2021-05-21,36.54,1.2061,0.04407089399999999,EIA/ICE Mid C Peak + Bank of Canada FXUSDCAD
2021-05-24,25.14,1.2058,0.030313812,EIA/ICE Mid C Peak + Bank of Canada FXUSDCAD
2021-05-25,37.58,1.2057,0.045310206,EIA/ICE Mid C Peak + Bank of Canada FXUSDCAD
2021-05-26,37.34,1.211,0.04521874000000001,EIA/ICE Mid C Peak + Bank of Canada FXUSDCAD
2021-05-27,26.07,1.2073,0.031474311,EIA/ICE Mid C Peak + Bank of Canada FXUSDCAD
2021-05-29,29.78,1.2081333333333333,0.03597821066666667,EIA/ICE Mid C Peak + Bank of Canada FXUSDCAD
2021-06-01,78.8,1.204,0.09487519999999999,EIA/ICE Mid C Peak + Bank of Canada FXUSDCAD
2021-06-02,117.23,1.2052,0.14128559599999999,EIA/ICE Mid C Peak + Bank of Canada FXUSDCAD
2021-06-03,45.06,1.2103,0.054536118,EIA/ICE Mid C Peak + Bank of Canada FXUSDCAD
2021-06-04,9.86,1.2084,0.011914823999999997,EIA/ICE Mid C Peak + Bank of Canada FXUSDCAD
2021-06-07,25.59,1.2073,0.030894807,EIA/ICE Mid C Peak + Bank of Canada FXUSDCAD
2021-06-08,24.69,1.2097,0.029867493000000002,EIA/ICE Mid C Peak + Bank of Canada FXUSDCAD
2021-06-09,29.17,1.2095,0.035281115,EIA/ICE Mid C Peak + Bank of Canada FXUSDCAD
2021-06-10,19.04,1.2094,0.023026976,EIA/ICE Mid C Peak + Bank of Canada FXUSDCAD
2021-06-11,27.09,1.2148,0.032908932,EIA/ICE Mid C Peak + Bank of Canada FXUSDCAD
2021-06-14,76.07,1.2142,0.09236419399999998,EIA/ICE Mid C Peak + Bank of Canada FXUSDCAD
2021-06-15,43.36,1.2188,0.05284716800000001,EIA/ICE Mid C Peak + Bank of Canada FXUSDCAD
2021-06-16,135.52,1.2191,0.16521243200000005,EIA/ICE Mid C Peak + Bank of Canada FXUSDCAD
2021-06-17,245.35,1.2341,0.30278643499999996,EIA/ICE Mid C Peak + Bank of Canada FXUSDCAD
2021-06-18,72.9,1.2419,0.09053451000000001,EIA/ICE Mid C Peak + Bank of Canada FXUSDCAD
2021-06-21,101.03,1.2377,0.125044831,EIA/ICE Mid C Peak + Bank of Canada FXUSDCAD
2021-06-22,57.65,1.2356,0.07123233999999999,EIA/ICE Mid C Peak + Bank of Canada FXUSDCAD
2021-06-23,28.16,1.2287,0.034600192,EIA/ICE Mid C Peak + Bank of Canada FXUSDCAD
2021-06-24,37.91,1.2316,0.046689956,EIA/ICE Mid C Peak + Bank of Canada FXUSDCAD
2021-06-25,62.52,1.2294,0.076862088,EIA/ICE Mid C Peak + Bank of Canada FXUSDCAD
2021-06-28,334.22,1.2335,0.41226037000000004,EIA/ICE Mid C Peak + Bank of Canada FXUSDCAD
2021-06-29,146.32,1.2384,0.181202688,EIA/ICE Mid C Peak + Bank of Canada FXUSDCAD
2021-06-30,49.61,1.2394,0.061486634000000005,EIA/ICE Mid C Peak + Bank of Canada FXUSDCAD
2021-07-01,52.93,1.2373500000000002,0.06549293550000002,EIA/ICE Mid C Peak + Bank of Canada FXUSDCAD
2021-07-03,36.67,1.2349666666666668,0.04528622766666668,EIA/ICE Mid C Peak + Bank of Canada FXUSDCAD
2021-07-06,69.68,1.2446,0.08672372800000001,EIA/ICE Mid C Peak + Bank of Canada FXUSDCAD
2021-07-07,39.66,1.2475,0.04947585,EIA/ICE Mid C Peak + Bank of Canada FXUSDCAD
2021-07-08,61.55,1.254,0.07718370000000001,EIA/ICE Mid C Peak + Bank of Canada FXUSDCAD
2021-07-09,110.33,1.2476,0.137647708,EIA/ICE Mid C Peak + Bank of Canada FXUSDCAD
2021-07-12,116.97,1.2471,0.14587328700000002,EIA/ICE Mid C Peak + Bank of Canada FXUSDCAD
2021-07-13,54.96,1.2514,0.068776944,EIA/ICE Mid C Peak + Bank of Canada FXUSDCAD
2021-07-14,26.5,1.2497,0.03311705,EIA/ICE Mid C Peak + Bank of Canada FXUSDCAD
2021-07-15,30.99,1.2572,0.038960628,EIA/ICE Mid C Peak + Bank of Canada FXUSDCAD
2021-07-16,47.49,1.2593,0.059804157000000004,EIA/ICE Mid C Peak + Bank of Canada FXUSDCAD
2021-07-19,79.51,1.2759,0.10144680900000001,EIA/ICE Mid C Peak + Bank of Canada FXUSDCAD
2021-07-20,79.33,1.273,0.10098709,EIA/ICE Mid C Peak + Bank of Canada FXUSDCAD
2021-07-21,40.85,1.2589,0.051426065,EIA/ICE Mid C Peak + Bank of Canada FXUSDCAD
2021-07-22,89.95,1.2567,0.113040165,EIA/ICE Mid C Peak + Bank of Canada FXUSDCAD
2021-07-23,68.44,1.2575,0.0860633,EIA/ICE Mid C Peak + Bank of Canada FXUSDCAD
2021-07-26,97.32,1.2549,0.12212686799999999,EIA/ICE Mid C Peak + Bank of Canada FXUSDCAD
2021-07-27,86.43,1.2578,0.108711654,EIA/ICE Mid C Peak + Bank of Canada FXUSDCAD
2021-07-28,189.21,1.2566,0.23776128600000002,EIA/ICE Mid C Peak + Bank of Canada FXUSDCAD
2021-07-29,488.54,1.245,0.6082323000000002,EIA/ICE Mid C Peak + Bank of Canada FXUSDCAD
2021-07-30,583.04,1.2462,0.726584448,EIA/ICE Mid C Peak + Bank of Canada FXUSDCAD
2021-08-02,147.97,1.252425,0.18532132725,EIA/ICE Mid C Peak + Bank of Canada FXUSDCAD
2021-08-03,145.42,1.2545,0.18242939,EIA/ICE Mid C Peak + Bank of Canada FXUSDCAD
2021-08-04,156.32,1.2545,0.19610344,EIA/ICE Mid C Peak + Bank of Canada FXUSDCAD
2021-08-05,92.47,1.2497,0.115559759,EIA/ICE Mid C Peak + Bank of Canada FXUSDCAD
2021-08-06,47.97,1.255,0.060202349999999995,EIA/ICE Mid C Peak + Bank of Canada FXUSDCAD
2021-08-09,83.39,1.2565,0.104779535,EIA/ICE Mid C Peak + Bank of Canada FXUSDCAD
2021-08-10,90.51,1.254,0.11349954000000001,EIA/ICE Mid C Peak + Bank of Canada FXUSDCAD
2021-08-11,173.79,1.2506,0.217341774,EIA/ICE Mid C Peak + Bank of Canada FXUSDCAD
2021-08-12,123.31,1.252,0.15438411999999999,EIA/ICE Mid C Peak + Bank of Canada FXUSDCAD
2021-08-13,83.93,1.2514,0.10503000200000001,EIA/ICE Mid C Peak + Bank of Canada FXUSDCAD
2021-08-16,55.61,1.2569,0.069896209,EIA/ICE Mid C Peak + Bank of Canada FXUSDCAD
2021-08-17,40.14,1.2623,0.050668722,EIA/ICE Mid C Peak + Bank of Canada FXUSDCAD
2021-08-18,40.68,1.263,0.051378839999999995,EIA/ICE Mid C Peak + Bank of Canada FXUSDCAD
2021-08-19,38.22,1.2792,0.04889102399999999,EIA/ICE Mid C Peak + Bank of Canada FXUSDCAD
2021-08-20,29.04,1.2856,0.037333824,EIA/ICE Mid C Peak + Bank of Canada FXUSDCAD
2021-08-23,45.2,1.2682,0.05732264,EIA/ICE Mid C Peak + Bank of Canada FXUSDCAD
2021-08-24,47.2,1.2608,0.05950976,EIA/ICE Mid C Peak + Bank of Canada FXUSDCAD
2021-08-25,50.84,1.2619,0.064154996,EIA/ICE Mid C Peak + Bank of Canada FXUSDCAD
2021-08-26,34.12,1.2651,0.04316521199999999,EIA/ICE Mid C Peak + Bank of Canada FXUSDCAD
2021-08-27,48.22,1.2635,0.06092597,EIA/ICE Mid C Peak + Bank of Canada FXUSDCAD
2021-08-30,51.4,1.2603,0.06477942,EIA/ICE Mid C Peak + Bank of Canada FXUSDCAD
2021-08-31,44.2,1.2617,0.05576714000000001,EIA/ICE Mid C Peak + Bank of Canada FXUSDCAD
2021-09-01,47.11,1.2607,0.059391577,EIA/ICE Mid C Peak + Bank of Canada FXUSDCAD
2021-09-02,50.0,1.2573,0.062865,EIA/ICE Mid C Peak + Bank of Canada FXUSDCAD
2021-09-04,49.63,1.254375,0.062254631250000005,EIA/ICE Mid C Peak + Bank of Canada FXUSDCAD
2021-09-07,100.95,1.2621,0.127408995,EIA/ICE Mid C Peak + Bank of Canada FXUSDCAD
2021-09-08,127.24,1.2676,0.161289424,EIA/ICE Mid C Peak + Bank of Canada FXUSDCAD
2021-09-09,278.61,1.2654,0.35255309400000007,EIA/ICE Mid C Peak + Bank of Canada FXUSDCAD
2021-09-10,80.77,1.2631,0.102020587,EIA/ICE Mid C Peak + Bank of Canada FXUSDCAD
2021-09-13,83.93,1.2662,0.10627216600000002,EIA/ICE Mid C Peak + Bank of Canada FXUSDCAD
2021-09-14,82.56,1.2661,0.10452921600000001,EIA/ICE Mid C Peak + Bank of Canada FXUSDCAD
2021-09-15,58.22,1.2651,0.07365412199999999,EIA/ICE Mid C Peak + Bank of Canada FXUSDCAD
2021-09-16,80.87,1.2674,0.10249463800000001,EIA/ICE Mid C Peak + Bank of Canada FXUSDCAD
2021-09-17,61.58,1.2721,0.07833591799999999,EIA/ICE Mid C Peak + Bank of Canada FXUSDCAD
2021-09-20,65.56,1.2828,0.08410036800000001,EIA/ICE Mid C Peak + Bank of Canada FXUSDCAD
2021-09-21,83.12,1.2801,0.10640191200000002,EIA/ICE Mid C Peak + Bank of Canada FXUSDCAD
2021-09-22,59.6,1.2756,0.07602576000000001,EIA/ICE Mid C Peak + Bank of Canada FXUSDCAD
2021-09-23,62.5,1.2653,0.07908125,EIA/ICE Mid C Peak + Bank of Canada FXUSDCAD
2021-09-24,63.35,1.268,0.08032779999999999,EIA/ICE Mid C Peak + Bank of Canada FXUSDCAD
2021-09-27,55.12,1.2637,0.06965514399999999,EIA/ICE Mid C Peak + Bank of Canada FXUSDCAD
2021-09-28,51.83,1.268,0.06572043999999999,EIA/ICE Mid C Peak + Bank of Canada FXUSDCAD
2021-09-29,66.32,1.2741,0.08449831199999999,EIA/ICE Mid C Peak + Bank of Canada FXUSDCAD
2021-09-30,65.51,1.2697500000000002,0.08318132250000002,EIA/ICE Mid C Peak + Bank of Canada FXUSDCAD
2021-10-01,58.38,1.2654,0.07387405200000001,EIA/ICE Mid C Peak + Bank of Canada FXUSDCAD
2021-10-04,70.28,1.2583,0.088433324,EIA/ICE Mid C Peak + Bank of Canada FXUSDCAD
2021-10-05,67.41,1.2575,0.084768075,EIA/ICE Mid C Peak + Bank of Canada FXUSDCAD
2021-10-06,66.68,1.2613,0.084103484,EIA/ICE Mid C Peak + Bank of Canada FXUSDCAD
2021-10-07,77.82,1.2558,0.097726356,EIA/ICE Mid C Peak + Bank of Canada FXUSDCAD
2021-10-08,63.15,1.2482,0.07882383,EIA/ICE Mid C Peak + Bank of Canada FXUSDCAD
2021-10-11,82.27,1.2466249999999999,0.10255983874999998,EIA/ICE Mid C Peak + Bank of Canada FXUSDCAD
2021-10-12,71.35,1.2461,0.08890923499999999,EIA/ICE Mid C Peak + Bank of Canada FXUSDCAD
2021-10-13,69.5,1.2445,0.08649275000000001,EIA/ICE Mid C Peak + Bank of Canada FXUSDCAD
2021-10-14,72.83,1.2372,0.090105276,EIA/ICE Mid C Peak + Bank of Canada FXUSDCAD
2021-10-15,66.9,1.2379,0.08281551000000001,EIA/ICE Mid C Peak + Bank of Canada FXUSDCAD
2021-10-18,62.65,1.2375,0.077529375,EIA/ICE Mid C Peak + Bank of Canada FXUSDCAD
2021-10-19,70.91,1.2357,0.087623487,EIA/ICE Mid C Peak + Bank of Canada FXUSDCAD
2021-10-20,66.15,1.2329,0.08155633500000002,EIA/ICE Mid C Peak + Bank of Canada FXUSDCAD
2021-10-21,63.34,1.2351,0.07823123400000001,EIA/ICE Mid C Peak + Bank of Canada FXUSDCAD
2021-10-22,61.24,1.2357,0.075674268,EIA/ICE Mid C Peak + Bank of Canada FXUSDCAD
2021-10-25,64.14,1.2379,0.07939890599999999,EIA/ICE Mid C Peak + Bank of Canada FXUSDCAD
2021-10-26,57.99,1.2376,0.07176842400000001,EIA/ICE Mid C Peak + Bank of Canada FXUSDCAD
2021-10-27,60.81,1.2358,0.07514899800000001,EIA/ICE Mid C Peak + Bank of Canada FXUSDCAD
2021-10-28,61.25,1.2349,0.075637625,EIA/ICE Mid C Peak + Bank of Canada FXUSDCAD
2021-10-30,59.83,1.2378666666666667,0.07406156266666666,EIA/ICE Mid C Peak + Bank of Canada FXUSDCAD
2021-11-01,74.33,1.2368,0.091931344,EIA/ICE Mid C Peak + Bank of Canada FXUSDCAD
2021-11-02,61.69,1.2404,0.076520276,EIA/ICE Mid C Peak + Bank of Canada FXUSDCAD
2021-11-03,57.96,1.2417,0.07196893200000001,EIA/ICE Mid C Peak + Bank of Canada FXUSDCAD
2021-11-04,41.01,1.2449,0.05105334899999999,EIA/ICE Mid C Peak + Bank of Canada FXUSDCAD
2021-11-05,48.97,1.2452,0.060977444000000006,EIA/ICE Mid C Peak + Bank of Canada FXUSDCAD
2021-11-08,62.7,1.2449,0.07805522999999999,EIA/ICE Mid C Peak + Bank of Canada FXUSDCAD
2021-11-09,50.05,1.2448,0.06230223999999999,EIA/ICE Mid C Peak + Bank of Canada FXUSDCAD
2021-11-10,58.2,1.2452,0.07247064,EIA/ICE Mid C Peak + Bank of Canada FXUSDCAD
2021-11-11,48.69,1.25085,0.0609038865,EIA/ICE Mid C Peak + Bank of Canada FXUSDCAD
2021-11-13,38.29,1.2549,0.048050120999999994,EIA/ICE Mid C Peak + Bank of Canada FXUSDCAD
2021-11-16,46.62,1.255,0.05850809999999999,EIA/ICE Mid C Peak + Bank of Canada FXUSDCAD
2021-11-18,65.36,1.2615,0.08245163999999999,EIA/ICE Mid C Peak + Bank of Canada FXUSDCAD
2021-11-19,46.05,1.2639,0.058202594999999996,EIA/ICE Mid C Peak + Bank of Canada FXUSDCAD
2021-11-22,58.52,1.268,0.07420336000000001,EIA/ICE Mid C Peak + Bank of Canada FXUSDCAD
2021-11-23,41.87,1.2707,0.05320420899999999,EIA/ICE Mid C Peak + Bank of Canada FXUSDCAD
2021-11-26,34.65,1.2771,0.044251515,EIA/ICE Mid C Peak + Bank of Canada FXUSDCAD
2021-11-27,37.45,1.2769,0.047819904999999996,EIA/ICE Mid C Peak + Bank of Canada FXUSDCAD
2021-11-30,28.5,1.2792,0.0364572,EIA/ICE Mid C Peak + Bank of Canada FXUSDCAD
2021-12-01,26.33,1.2776,0.033639208,EIA/ICE Mid C Peak + Bank of Canada FXUSDCAD
2021-12-02,30.48,1.2815,0.039060120000000004,EIA/ICE Mid C Peak + Bank of Canada FXUSDCAD
2021-12-03,36.83,1.2812,0.047186596,EIA/ICE Mid C Peak + Bank of Canada FXUSDCAD
2021-12-06,60.45,1.278,0.0772551,EIA/ICE Mid C Peak + Bank of Canada FXUSDCAD
2021-12-07,56.44,1.266,0.07145304,EIA/ICE Mid C Peak + Bank of Canada FXUSDCAD
2021-12-08,36.56,1.2642,0.046219152,EIA/ICE Mid C Peak + Bank of Canada FXUSDCAD
2021-12-09,49.7,1.27,0.06311900000000001,EIA/ICE Mid C Peak + Bank of Canada FXUSDCAD
2021-12-10,37.4,1.2714,0.04755036000000001,EIA/ICE Mid C Peak + Bank of Canada FXUSDCAD
2021-12-13,60.73,1.2791,0.07767974299999998,EIA/ICE Mid C Peak + Bank of Canada FXUSDCAD
2021-12-14,60.79,1.2845,0.078084755,EIA/ICE Mid C Peak + Bank of Canada FXUSDCAD
2021-12-15,62.93,1.2893,0.08113564899999999,EIA/ICE Mid C Peak + Bank of Canada FXUSDCAD
2021-12-16,53.48,1.2782,0.068358136,EIA/ICE Mid C Peak + Bank of Canada FXUSDCAD
2021-12-17,44.32,1.2846,0.056933472,EIA/ICE Mid C Peak + Bank of Canada FXUSDCAD
2021-12-20,52.4,1.2942,0.06781608,EIA/ICE Mid C Peak + Bank of Canada FXUSDCAD
2021-12-21,64.29,1.2927,0.08310768300000002,EIA/ICE Mid C Peak + Bank of Canada FXUSDCAD
2021-12-22,58.93,1.2865,0.07581344500000001,EIA/ICE Mid C Peak + Bank of Canada FXUSDCAD
2021-12-23,69.21,1.2816,0.088699536,EIA/ICE Mid C Peak + Bank of Canada FXUSDCAD
2021-12-27,130.61,1.2807600000000001,0.16728006360000003,EIA/ICE Mid C Peak + Bank of Canada FXUSDCAD
2021-12-28,100.42,1.28058,0.12859584359999998,EIA/ICE Mid C Peak + Bank of Canada FXUSDCAD
2021-12-29,95.42,1.2804,0.122175768,EIA/ICE Mid C Peak + Bank of Canada FXUSDCAD
2021-12-30,65.93,1.2776,0.08423216800000001,EIA/ICE Mid C Peak + Bank of Canada FXUSDCAD
2022-01-03,56.15,1.27005,0.07131330749999999,EIA/ICE Mid C Peak + Bank of Canada FXUSDCAD
2022-01-04,56.71,1.2708,0.072067068,EIA/ICE Mid C Peak + Bank of Canada FXUSDCAD
2022-01-05,59.66,1.2717,0.075869622,EIA/ICE Mid C Peak + Bank of Canada FXUSDCAD
2022-01-06,48.39,1.2741,0.061653699000000006,EIA/ICE Mid C Peak + Bank of Canada FXUSDCAD
2022-01-07,36.47,1.2666,0.046192901999999994,EIA/ICE Mid C Peak + Bank of Canada FXUSDCAD
2022-01-10,59.06,1.2679,0.07488217400000001,EIA/ICE Mid C Peak + Bank of Canada FXUSDCAD
2022-01-11,43.25,1.2606,0.05452095,EIA/ICE Mid C Peak + Bank of Canada FXUSDCAD
2022-01-12,39.19,1.251,0.04902669,EIA/ICE Mid C Peak + Bank of Canada FXUSDCAD
2022-01-13,38.37,1.2484,0.04790110799999999,EIA/ICE Mid C Peak + Bank of Canada FXUSDCAD
2022-01-15,37.54,1.2536666666666667,0.047062646666666666,EIA/ICE Mid C Peak + Bank of Canada FXUSDCAD
2022-01-17,38.87,1.252,0.04866524,EIA/ICE Mid C Peak + Bank of Canada FXUSDCAD
2022-01-19,39.65,1.2492,0.04953078,EIA/ICE Mid C Peak + Bank of Canada FXUSDCAD
2022-01-20,28.0,1.2474,0.0349272,EIA/ICE Mid C Peak + Bank of Canada FXUSDCAD
2022-01-21,36.73,1.2545,0.04607778499999999,EIA/ICE Mid C Peak + Bank of Canada FXUSDCAD
2022-01-24,36.28,1.2656,0.04591596800000001,EIA/ICE Mid C Peak + Bank of Canada FXUSDCAD
2022-01-25,38.81,1.2629,0.049013149,EIA/ICE Mid C Peak + Bank of Canada FXUSDCAD
2022-01-26,41.31,1.2606,0.052075386,EIA/ICE Mid C Peak + Bank of Canada FXUSDCAD
2022-01-27,40.71,1.2712,0.051750552000000005,EIA/ICE Mid C Peak + Bank of Canada FXUSDCAD
2022-01-28,38.64,1.2772,0.049351007999999995,EIA/ICE Mid C Peak + Bank of Canada FXUSDCAD
2022-01-31,37.22,1.2719,0.047340117999999994,EIA/ICE Mid C Peak + Bank of Canada FXUSDCAD
2022-02-01,46.73,1.2694,0.059319062000000006,EIA/ICE Mid C Peak + Bank of Canada FXUSDCAD
2022-02-02,51.79,1.2677,0.065654183,EIA/ICE Mid C Peak + Bank of Canada FXUSDCAD
2022-02-03,58.39,1.2679,0.074032681,EIA/ICE Mid C Peak + Bank of Canada FXUSDCAD
2022-02-04,38.18,1.2758,0.048710044,EIA/ICE Mid C Peak + Bank of Canada FXUSDCAD
2022-02-07,35.45,1.2688,0.04497896,EIA/ICE Mid C Peak + Bank of Canada FXUSDCAD
2022-02-08,36.8,1.2709,0.04676911999999999,EIA/ICE Mid C Peak + Bank of Canada FXUSDCAD
2022-02-09,35.38,1.268,0.04486184,EIA/ICE Mid C Peak + Bank of Canada FXUSDCAD
2022-02-10,30.5,1.2682,0.0386801,EIA/ICE Mid C Peak + Bank of Canada FXUSDCAD
2022-02-11,29.79,1.2702,0.037839258,EIA/ICE Mid C Peak + Bank of Canada FXUSDCAD
2022-02-14,28.64,1.2738,0.03648163200000001,EIA/ICE Mid C Peak + Bank of Canada FXUSDCAD
2022-02-15,29.08,1.2741,0.037050827999999994,EIA/ICE Mid C Peak + Bank of Canada FXUSDCAD
2022-02-16,29.73,1.2686,0.037715478,EIA/ICE Mid C Peak + Bank of Canada FXUSDCAD
2022-02-17,26.15,1.2695,0.033197425,EIA/ICE Mid C Peak + Bank of Canada FXUSDCAD
2022-02-19,22.08,1.273625,0.02812164,EIA/ICE Mid C Peak + Bank of Canada FXUSDCAD
2022-02-21,39.86,1.274075,0.050784629500000004,EIA/ICE Mid C Peak + Bank of Canada FXUSDCAD
2022-02-23,79.61,1.2718,0.10124799799999999,EIA/ICE Mid C Peak + Bank of Canada FXUSDCAD
2022-02-24,70.45,1.2832,0.09040144,EIA/ICE Mid C Peak + Bank of Canada FXUSDCAD
2022-02-25,47.11,1.2747,0.060051117,EIA/ICE Mid C Peak + Bank of Canada FXUSDCAD
2022-02-28,35.64,1.2698,0.045255672000000004,EIA/ICE Mid C Peak + Bank of Canada FXUSDCAD
2022-03-01,33.46,1.2708,0.042520968,EIA/ICE Mid C Peak + Bank of Canada FXUSDCAD
2022-03-02,33.51,1.2668,0.04245046799999999,EIA/ICE Mid C Peak + Bank of Canada FXUSDCAD
2022-03-03,31.63,1.2664,0.040056232,EIA/ICE Mid C Peak + Bank of Canada FXUSDCAD
2022-03-04,33.27,1.275,0.04241925,EIA/ICE Mid C Peak + Bank of Canada FXUSDCAD
2022-03-07,35.71,1.2773,0.045612383,EIA/ICE Mid C Peak + Bank of Canada FXUSDCAD
2022-03-08,36.23,1.2867,0.046617140999999994,EIA/ICE Mid C Peak + Bank of Canada FXUSDCAD
2022-03-09,40.87,1.2821,0.052399427,EIA/ICE Mid C Peak + Bank of Canada FXUSDCAD
2022-03-10,38.79,1.2776,0.049558104,EIA/ICE Mid C Peak + Bank of Canada FXUSDCAD
2022-03-11,30.13,1.272,0.038325359999999996,EIA/ICE Mid C Peak + Bank of Canada FXUSDCAD
2022-03-14,34.06,1.2777,0.04351846200000001,EIA/ICE Mid C Peak + Bank of Canada FXUSDCAD
2022-03-15,28.86,1.2803,0.036949458,EIA/ICE Mid C Peak + Bank of Canada FXUSDCAD
2022-03-16,30.78,1.2721,0.039155238,EIA/ICE Mid C Peak + Bank of Canada FXUSDCAD
2022-03-17,36.89,1.2651,0.046669538999999996,EIA/ICE Mid C Peak + Bank of Canada FXUSDCAD
2022-03-18,33.2,1.2617,0.041888440000000006,EIA/ICE Mid C Peak + Bank of Canada FXUSDCAD
2022-03-21,38.5,1.2593,0.04848305000000001,EIA/ICE Mid C Peak + Bank of Canada FXUSDCAD
2022-03-22,39.47,1.2588,0.049684835999999996,EIA/ICE Mid C Peak + Bank of Canada FXUSDCAD
2022-03-23,36.77,1.2571,0.04622356700000001,EIA/ICE Mid C Peak + Bank of Canada FXUSDCAD
2022-04-07,60.76,1.2584,0.07646038399999999,EIA/ICE Mid C Peak + Bank of Canada FXUSDCAD
2022-04-08,40.68,1.2589,0.051212051999999994,EIA/ICE Mid C Peak + Bank of Canada FXUSDCAD
2022-04-11,75.34,1.2621,0.095086614,EIA/ICE Mid C Peak + Bank of Canada FXUSDCAD
2022-04-12,79.79,1.2617,0.10067104300000002,EIA/ICE Mid C Peak + Bank of Canada FXUSDCAD
2022-04-13,101.18,1.2607,0.127557626,EIA/ICE Mid C Peak + Bank of Canada FXUSDCAD
2022-04-15,104.45,1.260525,0.13166183625,EIA/ICE Mid C Peak + Bank of Canada FXUSDCAD
2022-04-18,99.66,1.2618,0.12575098799999998,EIA/ICE Mid C Peak + Bank of Canada FXUSDCAD
2022-04-19,80.23,1.2624,0.101282352,EIA/ICE Mid C Peak + Bank of Canada FXUSDCAD
2022-04-20,110.36,1.2502,0.137972072,EIA/ICE Mid C Peak + Bank of Canada FXUSDCAD
2022-04-21,81.77,1.2529,0.102449633,EIA/ICE Mid C Peak + Bank of Canada FXUSDCAD
2022-04-22,73.27,1.2702,0.093067554,EIA/ICE Mid C Peak + Bank of Canada FXUSDCAD
2022-04-25,97.61,1.2758,0.124530838,EIA/ICE Mid C Peak + Bank of Canada FXUSDCAD
2022-04-26,85.81,1.2797,0.109811057,EIA/ICE Mid C Peak + Bank of Canada FXUSDCAD
2022-04-27,117.97,1.2828,0.15133191599999998,EIA/ICE Mid C Peak + Bank of Canada FXUSDCAD
2022-04-28,85.23,1.2829,0.109341567,EIA/ICE Mid C Peak + Bank of Canada FXUSDCAD
2022-04-29,95.8,1.2792,0.12254735999999998,EIA/ICE Mid C Peak + Bank of Canada FXUSDCAD
2022-05-02,76.79,1.2895,0.09902070500000001,EIA/ICE Mid C Peak + Bank of Canada FXUSDCAD
2022-05-03,65.31,1.2847,0.083903757,EIA/ICE Mid C Peak + Bank of Canada FXUSDCAD
2022-05-04,107.33,1.281,0.13748972999999998,EIA/ICE Mid C Peak + Bank of Canada FXUSDCAD
2022-05-05,88.84,1.2822,0.113910648,EIA/ICE Mid C Peak + Bank of Canada FXUSDCAD
2022-05-06,78.96,1.2882,0.10171627199999998,EIA/ICE Mid C Peak + Bank of Canada FXUSDCAD
2022-05-09,69.86,1.2964,0.09056650399999999,EIA/ICE Mid C Peak + Bank of Canada FXUSDCAD
2022-05-10,60.84,1.3012,0.079165008,EIA/ICE Mid C Peak + Bank of Canada FXUSDCAD
2022-05-11,57.21,1.297,0.07420137,EIA/ICE Mid C Peak + Bank of Canada FXUSDCAD
2022-05-13,54.42,1.2953,0.07049022599999999,EIA/ICE Mid C Peak + Bank of Canada FXUSDCAD
2022-05-16,46.7,1.2888,0.06018696,EIA/ICE Mid C Peak + Bank of Canada FXUSDCAD
2022-05-17,58.92,1.2834,0.075617928,EIA/ICE Mid C Peak + Bank of Canada FXUSDCAD
2022-05-18,48.64,1.2841,0.062458624,EIA/ICE Mid C Peak + Bank of Canada FXUSDCAD
2022-05-19,18.38,1.2809,0.023542941999999997,EIA/ICE Mid C Peak + Bank of Canada FXUSDCAD
2022-05-20,58.03,1.2829,0.074446687,EIA/ICE Mid C Peak + Bank of Canada FXUSDCAD
2022-05-23,47.98,1.282675,0.0615427465,EIA/ICE Mid C Peak + Bank of Canada FXUSDCAD
2022-05-24,65.23,1.2826,0.083663998,EIA/ICE Mid C Peak + Bank of Canada FXUSDCAD
2022-05-25,67.86,1.2837,0.087111882,EIA/ICE Mid C Peak + Bank of Canada FXUSDCAD
2022-05-26,68.58,1.2792,0.08772753599999998,EIA/ICE Mid C Peak + Bank of Canada FXUSDCAD
2022-05-28,36.27,1.2712666666666668,0.04610884200000001,EIA/ICE Mid C Peak + Bank of Canada FXUSDCAD
2022-05-31,53.49,1.2648,0.067654152,EIA/ICE Mid C Peak + Bank of Canada FXUSDCAD
2022-06-01,66.33,1.2639,0.083834487,EIA/ICE Mid C Peak + Bank of Canada FXUSDCAD
2022-06-02,72.29,1.2597,0.091063713,EIA/ICE Mid C Peak + Bank of Canada FXUSDCAD
2022-06-03,45.81,1.2579,0.05762439900000001,EIA/ICE Mid C Peak + Bank of Canada FXUSDCAD
2022-06-06,11.22,1.2564,0.014096808,EIA/ICE Mid C Peak + Bank of Canada FXUSDCAD
2022-06-07,55.26,1.2555,0.06937892999999999,EIA/ICE Mid C Peak + Bank of Canada FXUSDCAD
2022-06-08,49.07,1.254,0.06153378,EIA/ICE Mid C Peak + Bank of Canada FXUSDCAD
2022-06-09,45.0,1.2644,0.056898,EIA/ICE Mid C Peak + Bank of Canada FXUSDCAD
2022-06-10,5.55,1.2777,0.007091235,EIA/ICE Mid C Peak + Bank of Canada FXUSDCAD
2022-06-13,0.36,1.2859,0.00046292400000000003,EIA/ICE Mid C Peak + Bank of Canada FXUSDCAD
2022-06-14,1.12,1.294,0.00144928,EIA/ICE Mid C Peak + Bank of Canada FXUSDCAD
2022-06-15,40.63,1.2948,0.052607724,EIA/ICE Mid C Peak + Bank of Canada FXUSDCAD
2022-06-16,52.23,1.2928,0.067522944,EIA/ICE Mid C Peak + Bank of Canada FXUSDCAD
2022-06-17,28.7,1.3035,0.037410450000000005,EIA/ICE Mid C Peak + Bank of Canada FXUSDCAD
2022-06-20,25.15,1.2994,0.03267991,EIA/ICE Mid C Peak + Bank of Canada FXUSDCAD
2022-06-21,44.7,1.2929,0.057792630000000005,EIA/ICE Mid C Peak + Bank of Canada FXUSDCAD
2022-06-22,24.16,1.2942,0.031267872,EIA/ICE Mid C Peak + Bank of Canada FXUSDCAD
2022-06-23,42.41,1.2982,0.05505666199999999,EIA/ICE Mid C Peak + Bank of Canada FXUSDCAD
2022-06-24,18.7,1.2933,0.024184709999999995,EIA/ICE Mid C Peak + Bank of Canada FXUSDCAD
2022-06-27,71.11,1.2887,0.091639457,EIA/ICE Mid C Peak + Bank of Canada FXUSDCAD
2022-06-28,30.97,1.2864,0.039839808,EIA/ICE Mid C Peak + Bank of Canada FXUSDCAD
2022-06-29,44.97,1.2878,0.057912366,EIA/ICE Mid C Peak + Bank of Canada FXUSDCAD
2022-06-30,54.06,1.2886,0.069661716,EIA/ICE Mid C Peak + Bank of Canada FXUSDCAD
2022-07-01,39.97,1.288125,0.05148635625,EIA/ICE Mid C Peak + Bank of Canada FXUSDCAD
2022-07-05,48.38,1.3038,0.06307784400000001,EIA/ICE Mid C Peak + Bank of Canada FXUSDCAD
2022-07-06,47.28,1.3047,0.061686216,EIA/ICE Mid C Peak + Bank of Canada FXUSDCAD
2022-07-07,42.17,1.2986,0.054761962000000004,EIA/ICE Mid C Peak + Bank of Canada FXUSDCAD
2022-07-08,39.71,1.2968,0.051495927999999996,EIA/ICE Mid C Peak + Bank of Canada FXUSDCAD
2022-07-11,74.06,1.3,0.096278,EIA/ICE Mid C Peak + Bank of Canada FXUSDCAD
2022-07-12,79.77,1.3015,0.103820655,EIA/ICE Mid C Peak + Bank of Canada FXUSDCAD
2022-07-13,35.39,1.2976,0.045922064000000005,EIA/ICE Mid C Peak + Bank of Canada FXUSDCAD
2022-07-14,56.36,1.3138,0.07404576800000001,EIA/ICE Mid C Peak + Bank of Canada FXUSDCAD
2022-07-15,46.67,1.3038,0.060848346000000005,EIA/ICE Mid C Peak + Bank of Canada FXUSDCAD
2022-07-18,67.65,1.2948,0.08759322,EIA/ICE Mid C Peak + Bank of Canada FXUSDCAD
2022-07-19,85.12,1.2904,0.109838848,EIA/ICE Mid C Peak + Bank of Canada FXUSDCAD
2022-07-20,79.86,1.2884,0.10289162399999999,EIA/ICE Mid C Peak + Bank of Canada FXUSDCAD
2022-07-21,70.7,1.2895,0.09116765,EIA/ICE Mid C Peak + Bank of Canada FXUSDCAD
2022-07-22,59.24,1.2876,0.07627742400000001,EIA/ICE Mid C Peak + Bank of Canada FXUSDCAD
2022-07-25,127.35,1.2852,0.16367021999999998,EIA/ICE Mid C Peak + Bank of Canada FXUSDCAD
2022-07-26,134.68,1.2883,0.173508244,EIA/ICE Mid C Peak + Bank of Canada FXUSDCAD
2022-07-27,132.9,1.2872,0.17106888,EIA/ICE Mid C Peak + Bank of Canada FXUSDCAD
2022-07-28,126.59,1.2835,0.162478265,EIA/ICE Mid C Peak + Bank of Canada FXUSDCAD
2022-07-30,97.62,1.2832,0.125265984,EIA/ICE Mid C Peak + Bank of Canada FXUSDCAD
2022-08-01,88.43,1.2848000000000002,0.11361486400000002,EIA/ICE Mid C Peak + Bank of Canada FXUSDCAD
2022-08-02,66.89,1.2856,0.085993784,EIA/ICE Mid C Peak + Bank of Canada FXUSDCAD
2022-08-03,71.43,1.2853,0.09180897900000003,EIA/ICE Mid C Peak + Bank of Canada FXUSDCAD
2022-08-04,63.06,1.2854,0.08105732400000001,EIA/ICE Mid C Peak + Bank of Canada FXUSDCAD
2022-08-05,95.61,1.2934,0.12366197400000002,EIA/ICE Mid C Peak + Bank of Canada FXUSDCAD
2022-08-08,148.53,1.2857,0.190965021,EIA/ICE Mid C Peak + Bank of Canada FXUSDCAD
2022-08-09,139.36,1.288,0.17949568000000002,EIA/ICE Mid C Peak + Bank of Canada FXUSDCAD
2022-08-10,87.1,1.2789,0.11139218999999999,EIA/ICE Mid C Peak + Bank of Canada FXUSDCAD
2022-08-11,107.03,1.2753,0.136495359,EIA/ICE Mid C Peak + Bank of Canada FXUSDCAD
2022-08-12,64.43,1.2783,0.082360869,EIA/ICE Mid C Peak + Bank of Canada FXUSDCAD
2022-08-15,106.74,1.2908,0.137779992,EIA/ICE Mid C Peak + Bank of Canada FXUSDCAD
2022-08-16,141.67,1.2867,0.18228678899999998,EIA/ICE Mid C Peak + Bank of Canada FXUSDCAD
2022-08-17,198.4,1.2912,0.25617408,EIA/ICE Mid C Peak + Bank of Canada FXUSDCAD
2022-08-18,150.94,1.2928,0.195135232,EIA/ICE Mid C Peak + Bank of Canada FXUSDCAD
2022-08-19,79.82,1.2991,0.10369416199999999,EIA/ICE Mid C Peak + Bank of Canada FXUSDCAD
2022-08-22,77.62,1.3035,0.10117767000000003,EIA/ICE Mid C Peak + Bank of Canada FXUSDCAD
2022-08-23,91.75,1.2972,0.11901809999999999,EIA/ICE Mid C Peak + Bank of Canada FXUSDCAD
2022-08-24,105.91,1.2983,0.13750295299999998,EIA/ICE Mid C Peak + Bank of Canada FXUSDCAD
2022-08-25,126.03,1.2937,0.16304501100000002,EIA/ICE Mid C Peak + Bank of Canada FXUSDCAD
2022-08-26,65.6,1.2989,0.08520783999999999,EIA/ICE Mid C Peak + Bank of Canada FXUSDCAD
2022-08-29,123.56,1.3009,0.160739204,EIA/ICE Mid C Peak + Bank of Canada FXUSDCAD
2022-08-30,197.76,1.3076,0.25859097600000003,EIA/ICE Mid C Peak + Bank of Canada FXUSDCAD
2022-08-31,217.12,1.3111,0.28466603199999996,EIA/ICE Mid C Peak + Bank of Canada FXUSDCAD
2022-09-01,1001.46,1.3166,1.318522236,EIA/ICE Mid C Peak + Bank of Canada FXUSDCAD
2022-09-03,128.87,1.31255,0.1691483185,EIA/ICE Mid C Peak + Bank of Canada FXUSDCAD
2022-09-06,571.12,1.3139,0.750394568,EIA/ICE Mid C Peak + Bank of Canada FXUSDCAD
2022-09-07,241.75,1.3164,0.3182397,EIA/ICE Mid C Peak + Bank of Canada FXUSDCAD
2022-09-08,247.36,1.3116,0.32443737600000006,EIA/ICE Mid C Peak + Bank of Canada FXUSDCAD
2022-09-09,111.52,1.3035,0.14536632,EIA/ICE Mid C Peak + Bank of Canada FXUSDCAD
2022-09-12,113.32,1.298,0.14708936,EIA/ICE Mid C Peak + Bank of Canada FXUSDCAD
2022-09-14,103.37,1.3166,0.13609694200000003,EIA/ICE Mid C Peak + Bank of Canada FXUSDCAD
2022-09-15,96.58,1.32,0.1274856,EIA/ICE Mid C Peak + Bank of Canada FXUSDCAD
2022-09-16,78.18,1.3285,0.10386213000000001,EIA/ICE Mid C Peak + Bank of Canada FXUSDCAD
2022-09-19,94.56,1.3288,0.125651328,EIA/ICE Mid C Peak + Bank of Canada FXUSDCAD
2022-09-20,83.58,1.3345,0.11153750999999999,EIA/ICE Mid C Peak + Bank of Canada FXUSDCAD
2022-09-21,90.73,1.3397,0.12155098099999999,EIA/ICE Mid C Peak + Bank of Canada FXUSDCAD
2022-09-22,63.39,1.348,0.08544971999999999,EIA/ICE Mid C Peak + Bank of Canada FXUSDCAD
2022-09-23,86.2,1.357,0.11697339999999999,EIA/ICE Mid C Peak + Bank of Canada FXUSDCAD
2022-09-26,137.59,1.3716,0.188718444,EIA/ICE Mid C Peak + Bank of Canada FXUSDCAD
2022-09-27,107.65,1.3726,0.14776039,EIA/ICE Mid C Peak + Bank of Canada FXUSDCAD
2022-09-28,69.92,1.366,0.09551072000000001,EIA/ICE Mid C Peak + Bank of Canada FXUSDCAD
2022-09-29,73.51,1.3707,0.100760157,EIA/ICE Mid C Peak + Bank of Canada FXUSDCAD
2022-10-01,58.88,1.3684500000000002,0.08057433600000001,EIA/ICE Mid C Peak + Bank of Canada FXUSDCAD
2022-10-03,79.12,1.3662,0.10809374400000002,EIA/ICE Mid C Peak + Bank of Canada FXUSDCAD
2022-10-04,72.0,1.3574,0.0977328,EIA/ICE Mid C Peak + Bank of Canada FXUSDCAD
2022-10-05,76.41,1.3641,0.104230881,EIA/ICE Mid C Peak + Bank of Canada FXUSDCAD
2022-10-06,84.46,1.3719,0.11587067399999998,EIA/ICE Mid C Peak + Bank of Canada FXUSDCAD
2022-10-07,80.44,1.3712,0.11029932799999999,EIA/ICE Mid C Peak + Bank of Canada FXUSDCAD
2022-10-10,69.01,1.375925,0.09495258425000001,EIA/ICE Mid C Peak + Bank of Canada FXUSDCAD
2022-10-11,78.64,1.3775,0.1083266,EIA/ICE Mid C Peak + Bank of Canada FXUSDCAD
2022-10-12,75.58,1.3802,0.104315516,EIA/ICE Mid C Peak + Bank of Canada FXUSDCAD
2022-10-13,75.77,1.3806,0.104608062,EIA/ICE Mid C Peak + Bank of Canada FXUSDCAD
2022-10-14,74.28,1.3856,0.10292236799999999,EIA/ICE Mid C Peak + Bank of Canada FXUSDCAD
2022-10-17,81.28,1.373,0.11159744,EIA/ICE Mid C Peak + Bank of Canada FXUSDCAD
2022-10-18,91.17,1.3756,0.12541345199999998,EIA/ICE Mid C Peak + Bank of Canada FXUSDCAD
2022-10-19,103.48,1.3779,0.142585092,EIA/ICE Mid C Peak + Bank of Canada FXUSDCAD
2022-10-20,63.29,1.3729,0.086890841,EIA/ICE Mid C Peak + Bank of Canada FXUSDCAD
2022-10-21,59.73,1.3713,0.081907749,EIA/ICE Mid C Peak + Bank of Canada FXUSDCAD
2022-10-24,72.4,1.3722,0.09934728000000001,EIA/ICE Mid C Peak + Bank of Canada FXUSDCAD
2022-10-25,68.11,1.3638,0.09288841799999999,EIA/ICE Mid C Peak + Bank of Canada FXUSDCAD
2022-10-26,59.75,1.3565,0.08105087500000001,EIA/ICE Mid C Peak + Bank of Canada FXUSDCAD
2022-10-27,65.17,1.3547,0.088285799,EIA/ICE Mid C Peak + Bank of Canada FXUSDCAD
2022-10-28,61.68,1.3615,0.08397732,EIA/ICE Mid C Peak + Bank of Canada FXUSDCAD
2022-10-31,46.59,1.3649,0.063590691,EIA/ICE Mid C Peak + Bank of Canada FXUSDCAD
2022-11-01,62.43,1.3614,0.08499220199999999,EIA/ICE Mid C Peak + Bank of Canada FXUSDCAD
2022-11-02,66.71,1.363,0.09092572999999998,EIA/ICE Mid C Peak + Bank of Canada FXUSDCAD
2022-11-03,72.34,1.3749,0.099460266,EIA/ICE Mid C Peak + Bank of Canada FXUSDCAD
2022-11-04,46.07,1.3517,0.062272819,EIA/ICE Mid C Peak + Bank of Canada FXUSDCAD
2022-11-07,84.25,1.3493,0.11367852499999999,EIA/ICE Mid C Peak + Bank of Canada FXUSDCAD
2022-11-08,92.59,1.3441,0.12445021900000001,EIA/ICE Mid C Peak + Bank of Canada FXUSDCAD
2022-11-09,107.43,1.348,0.14481564000000002,EIA/ICE Mid C Peak + Bank of Canada FXUSDCAD
2022-11-11,100.24,1.33555,0.133875532,EIA/ICE Mid C Peak + Bank of Canada FXUSDCAD
2022-11-14,89.39,1.3288,0.11878143199999999,EIA/ICE Mid C Peak + Bank of Canada FXUSDCAD
2022-11-15,107.43,1.329,0.14277447000000001,EIA/ICE Mid C Peak + Bank of Canada FXUSDCAD
2022-11-16,99.87,1.3311,0.132936957,EIA/ICE Mid C Peak + Bank of Canada FXUSDCAD
2022-11-17,86.39,1.335,0.11533064999999999,EIA/ICE Mid C Peak + Bank of Canada FXUSDCAD
2022-11-18,89.74,1.3385,0.12011699,EIA/ICE Mid C Peak + Bank of Canada FXUSDCAD
2022-11-21,89.58,1.3452,0.12050301599999999,EIA/ICE Mid C Peak + Bank of Canada FXUSDCAD
2022-11-22,82.36,1.3396,0.11032945599999999,EIA/ICE Mid C Peak + Bank of Canada FXUSDCAD
2022-11-25,83.18,1.3377,0.111269886,EIA/ICE Mid C Peak + Bank of Canada FXUSDCAD
2022-11-26,112.99,1.3402333333333332,0.1514329643333333,EIA/ICE Mid C Peak + Bank of Canada FXUSDCAD
2022-11-29,160.33,1.3578,0.21769607400000002,EIA/ICE Mid C Peak + Bank of Canada FXUSDCAD
2022-11-30,159.96,1.3508,0.216073968,EIA/ICE Mid C Peak + Bank of Canada FXUSDCAD
2022-12-01,188.84,1.3433,0.253668772,EIA/ICE Mid C Peak + Bank of Canada FXUSDCAD
2022-12-02,193.46,1.3468,0.26055192800000004,EIA/ICE Mid C Peak + Bank of Canada FXUSDCAD
2022-12-05,184.48,1.3532,0.249638336,EIA/ICE Mid C Peak + Bank of Canada FXUSDCAD
2022-12-06,158.42,1.3649,0.21622745799999998,EIA/ICE Mid C Peak + Bank of Canada FXUSDCAD
2022-12-07,153.43,1.364,0.20927852000000002,EIA/ICE Mid C Peak + Bank of Canada FXUSDCAD
2022-12-08,191.17,1.3582,0.25964709399999997,EIA/ICE Mid C Peak + Bank of Canada FXUSDCAD
2022-12-09,293.94,1.363,0.40064022,EIA/ICE Mid C Peak + Bank of Canada FXUSDCAD
2022-12-12,466.74,1.3658,0.6374734919999999,EIA/ICE Mid C Peak + Bank of Canada FXUSDCAD
2022-12-13,392.29,1.3547,0.5314352630000001,EIA/ICE Mid C Peak + Bank of Canada FXUSDCAD
2022-12-14,442.33,1.3561,0.599843713,EIA/ICE Mid C Peak + Bank of Canada FXUSDCAD
2022-12-15,308.13,1.364,0.42028932,EIA/ICE Mid C Peak + Bank of Canada FXUSDCAD
2022-12-16,278.91,1.3687,0.381744117,EIA/ICE Mid C Peak + Bank of Canada FXUSDCAD
2022-12-19,349.45,1.3653,0.477104085,EIA/ICE Mid C Peak + Bank of Canada FXUSDCAD
2022-12-20,357.09,1.3621,0.486392289,EIA/ICE Mid C Peak + Bank of Canada FXUSDCAD
2022-12-21,363.01,1.3612,0.494129212,EIA/ICE Mid C Peak + Bank of Canada FXUSDCAD
2022-12-23,453.35,1.3603,0.6166920050000001,EIA/ICE Mid C Peak + Bank of Canada FXUSDCAD
2022-12-27,199.89,1.3572600000000001,0.2713027014,EIA/ICE Mid C Peak + Bank of Canada FXUSDCAD
2022-12-28,215.02,1.3565,0.29167463000000005,EIA/ICE Mid C Peak + Bank of Canada FXUSDCAD
2022-12-29,222.2,1.3557,0.30123654,EIA/ICE Mid C Peak + Bank of Canada FXUSDCAD
2022-12-30,119.45,1.3544,0.16178308000000002,EIA/ICE Mid C Peak + Bank of Canada FXUSDCAD
2023-01-03,169.6,1.3658,0.23163967999999996,EIA/ICE Mid C Peak + Bank of Canada FXUSDCAD
2023-01-04,180.23,1.3508,0.24345468399999998,EIA/ICE Mid C Peak + Bank of Canada FXUSDCAD
2023-01-05,155.14,1.3564,0.210431896,EIA/ICE Mid C Peak + Bank of Canada FXUSDCAD
2023-01-06,155.06,1.3486,0.209113916,EIA/ICE Mid C Peak + Bank of Canada FXUSDCAD
2023-01-09,160.69,1.3376,0.214938944,EIA/ICE Mid C Peak + Bank of Canada FXUSDCAD
2023-01-10,175.11,1.3421,0.23501513100000002,EIA/ICE Mid C Peak + Bank of Canada FXUSDCAD
2023-01-11,161.02,1.3425,0.21616935,EIA/ICE Mid C Peak + Bank of Canada FXUSDCAD
2023-01-12,131.41,1.3378,0.175800298,EIA/ICE Mid C Peak + Bank of Canada FXUSDCAD
2023-01-14,172.75,1.3403,0.23153682500000003,EIA/ICE Mid C Peak + Bank of Canada FXUSDCAD
2023-01-16,130.78,1.3397,0.175205966,EIA/ICE Mid C Peak + Bank of Canada FXUSDCAD
2023-01-18,166.2,1.3439,0.22335618,EIA/ICE Mid C Peak + Bank of Canada FXUSDCAD
2023-01-19,165.27,1.3472,0.222651744,EIA/ICE Mid C Peak + Bank of Canada FXUSDCAD
2023-01-20,168.35,1.3421,0.225942535,EIA/ICE Mid C Peak + Bank of Canada FXUSDCAD
2023-01-23,135.08,1.3382,0.180764056,EIA/ICE Mid C Peak + Bank of Canada FXUSDCAD
2023-01-24,144.5,1.337,0.1931965,EIA/ICE Mid C Peak + Bank of Canada FXUSDCAD
2023-01-25,149.26,1.3393,0.19990391799999999,EIA/ICE Mid C Peak + Bank of Canada FXUSDCAD
2023-01-26,142.68,1.3349,0.19046353200000002,EIA/ICE Mid C Peak + Bank of Canada FXUSDCAD
2023-01-27,66.84,1.3314,0.088990776,EIA/ICE Mid C Peak + Bank of Canada FXUSDCAD
2023-01-30,169.84,1.3356,0.226838304,EIA/ICE Mid C Peak + Bank of Canada FXUSDCAD
2023-01-31,99.17,1.335,0.13239195,EIA/ICE Mid C Peak + Bank of Canada FXUSDCAD
2023-02-01,106.93,1.3321,0.14244145300000002,EIA/ICE Mid C Peak + Bank of Canada FXUSDCAD
2023-02-02,141.01,1.3312,0.18771251199999997,EIA/ICE Mid C Peak + Bank of Canada FXUSDCAD
2023-02-03,53.91,1.3391,0.07219088099999998,EIA/ICE Mid C Peak + Bank of Canada FXUSDCAD
2023-02-06,49.18,1.3442,0.066107756,EIA/ICE Mid C Peak + Bank of Canada FXUSDCAD
2023-02-07,48.18,1.3435,0.06472982999999999,EIA/ICE Mid C Peak + Bank of Canada FXUSDCAD
2023-02-08,54.41,1.3429,0.073067189,EIA/ICE Mid C Peak + Bank of Canada FXUSDCAD
2023-02-09,65.38,1.3427,0.087785726,EIA/ICE Mid C Peak + Bank of Canada FXUSDCAD
2023-02-10,60.04,1.3362,0.080225448,EIA/ICE Mid C Peak + Bank of Canada FXUSDCAD
2023-02-13,54.73,1.3343,0.073026239,EIA/ICE Mid C Peak + Bank of Canada FXUSDCAD
2023-02-14,76.37,1.3345,0.101915765,EIA/ICE Mid C Peak + Bank of Canada FXUSDCAD
2023-02-15,77.39,1.3411,0.103787729,EIA/ICE Mid C Peak + Bank of Canada FXUSDCAD
2023-02-16,82.43,1.3439,0.110777677,EIA/ICE Mid C Peak + Bank of Canada FXUSDCAD
2023-02-18,54.71,1.349425,0.07382704175,EIA/ICE Mid C Peak + Bank of Canada FXUSDCAD
2023-02-20,55.64,1.3508749999999998,0.07516268499999999,EIA/ICE Mid C Peak + Bank of Canada FXUSDCAD
2023-02-22,81.78,1.3542,0.110746476,EIA/ICE Mid C Peak + Bank of Canada FXUSDCAD
2023-02-23,179.79,1.3549,0.24359747099999998,EIA/ICE Mid C Peak + Bank of Canada FXUSDCAD
2023-02-24,247.69,1.3622,0.337403318,EIA/ICE Mid C Peak + Bank of Canada FXUSDCAD
2023-02-27,120.79,1.3573,0.163948267,EIA/ICE Mid C Peak + Bank of Canada FXUSDCAD
2023-02-28,87.65,1.3609,0.119282885,EIA/ICE Mid C Peak + Bank of Canada FXUSDCAD
2023-03-01,112.46,1.3612,0.15308055199999998,EIA/ICE Mid C Peak + Bank of Canada FXUSDCAD
2023-03-02,94.5,1.3614,0.1286523,EIA/ICE Mid C Peak + Bank of Canada FXUSDCAD
2023-03-03,124.97,1.361,0.17008417,EIA/ICE Mid C Peak + Bank of Canada FXUSDCAD
2023-03-06,154.75,1.3615,0.21069212499999998,EIA/ICE Mid C Peak + Bank of Canada FXUSDCAD
2023-03-07,127.46,1.3717,0.17483688199999997,EIA/ICE Mid C Peak + Bank of Canada FXUSDCAD
2023-03-08,93.94,1.3785,0.12949629000000001,EIA/ICE Mid C Peak + Bank of Canada FXUSDCAD
2023-03-09,98.86,1.379,0.13632794,EIA/ICE Mid C Peak + Bank of Canada FXUSDCAD
2023-03-10,63.21,1.3807,0.08727404700000001,EIA/ICE Mid C Peak + Bank of Canada FXUSDCAD
2023-03-13,68.72,1.373,0.09435256,EIA/ICE Mid C Peak + Bank of Canada FXUSDCAD
2023-03-14,101.74,1.3677,0.13914979799999996,EIA/ICE Mid C Peak + Bank of Canada FXUSDCAD
2023-03-15,77.29,1.3778,0.106490162,EIA/ICE Mid C Peak + Bank of Canada FXUSDCAD
2023-03-16,98.49,1.3744,0.135364656,EIA/ICE Mid C Peak + Bank of Canada FXUSDCAD
2023-03-17,66.46,1.3734,0.09127616399999999,EIA/ICE Mid C Peak + Bank of Canada FXUSDCAD
2023-03-20,85.26,1.3674,0.116584524,EIA/ICE Mid C Peak + Bank of Canada FXUSDCAD
2023-03-21,89.7,1.3706,0.12294282000000001,EIA/ICE Mid C Peak + Bank of Canada FXUSDCAD
2023-03-22,87.54,1.3712,0.12003484800000001,EIA/ICE Mid C Peak + Bank of Canada FXUSDCAD
2023-03-23,47.04,1.3671,0.06430838400000001,EIA/ICE Mid C Peak + Bank of Canada FXUSDCAD
2023-03-24,47.77,1.3763,0.06574585100000001,EIA/ICE Mid C Peak + Bank of Canada FXUSDCAD
2023-03-27,113.23,1.3682,0.15492128600000002,EIA/ICE Mid C Peak + Bank of Canada FXUSDCAD
2023-03-28,86.4,1.3626,0.11772864000000001,EIA/ICE Mid C Peak + Bank of Canada FXUSDCAD
2023-03-29,82.04,1.3576,0.111377504,EIA/ICE Mid C Peak + Bank of Canada FXUSDCAD
2023-03-30,66.6,1.3533,0.09012977999999998,EIA/ICE Mid C Peak + Bank of Canada FXUSDCAD
2023-04-01,64.78,1.3501333333333334,0.08746163733333334,EIA/ICE Mid C Peak + Bank of Canada FXUSDCAD
2023-04-03,95.43,1.3438,0.12823883400000002,EIA/ICE Mid C Peak + Bank of Canada FXUSDCAD
2023-04-04,101.8,1.3447,0.13689046,EIA/ICE Mid C Peak + Bank of Canada FXUSDCAD
2023-04-05,133.28,1.3457,0.17935489599999999,EIA/ICE Mid C Peak + Bank of Canada FXUSDCAD
2023-04-07,102.33,1.3490250000000001,0.13804572825000003,EIA/ICE Mid C Peak + Bank of Canada FXUSDCAD
2023-04-10,96.85,1.3527,0.131008995,EIA/ICE Mid C Peak + Bank of Canada FXUSDCAD
2023-04-11,81.65,1.3483,0.11008869500000001,EIA/ICE Mid C Peak + Bank of Canada FXUSDCAD
2023-04-12,98.87,1.3447,0.132950489,EIA/ICE Mid C Peak + Bank of Canada FXUSDCAD
2023-04-13,90.6,1.3359,0.12103254,EIA/ICE Mid C Peak + Bank of Canada FXUSDCAD
2023-04-14,114.21,1.3362,0.152607402,EIA/ICE Mid C Peak + Bank of Canada FXUSDCAD
2023-04-17,113.99,1.3398,0.15272380200000002,EIA/ICE Mid C Peak + Bank of Canada FXUSDCAD
2023-04-18,119.93,1.3387,0.160550291,EIA/ICE Mid C Peak + Bank of Canada FXUSDCAD
2023-04-19,111.99,1.3445,0.150570555,EIA/ICE Mid C Peak + Bank of Canada FXUSDCAD
2023-04-20,117.13,1.3469,0.157762397,EIA/ICE Mid C Peak + Bank of Canada FXUSDCAD
2023-04-21,118.23,1.3539,0.16007159700000004,EIA/ICE Mid C Peak + Bank of Canada FXUSDCAD
2023-04-24,79.02,1.3542,0.107008884,EIA/ICE Mid C Peak + Bank of Canada FXUSDCAD
2023-04-25,89.72,1.3623,0.122225556,EIA/ICE Mid C Peak + Bank of Canada FXUSDCAD
2023-04-26,95.34,1.3625,0.12990075,EIA/ICE Mid C Peak + Bank of Canada FXUSDCAD
2023-04-27,113.36,1.3612,0.154305632,EIA/ICE Mid C Peak + Bank of Canada FXUSDCAD
2023-04-29,99.34,1.3567333333333333,0.13477788933333334,EIA/ICE Mid C Peak + Bank of Canada FXUSDCAD
2023-05-01,61.78,1.3546,0.08368718800000001,EIA/ICE Mid C Peak + Bank of Canada FXUSDCAD
2023-05-02,44.27,1.3618,0.060286886000000005,EIA/ICE Mid C Peak + Bank of Canada FXUSDCAD
2023-05-03,31.97,1.3616,0.043530351999999994,EIA/ICE Mid C Peak + Bank of Canada FXUSDCAD
2023-05-04,13.12,1.3566,0.017798592,EIA/ICE Mid C Peak + Bank of Canada FXUSDCAD
2023-05-05,12.05,1.3427,0.016179535000000002,EIA/ICE Mid C Peak + Bank of Canada FXUSDCAD
2023-05-08,14.29,1.3354,0.019082866,EIA/ICE Mid C Peak + Bank of Canada FXUSDCAD
2023-05-09,11.66,1.339,0.01561274,EIA/ICE Mid C Peak + Bank of Canada FXUSDCAD
2023-05-10,17.94,1.3375,0.02399475,EIA/ICE Mid C Peak + Bank of Canada FXUSDCAD
2023-05-12,16.48,1.3534,0.022304031999999998,EIA/ICE Mid C Peak + Bank of Canada FXUSDCAD
2023-05-15,38.4,1.3487,0.051790079999999995,EIA/ICE Mid C Peak + Bank of Canada FXUSDCAD
2023-05-16,28.86,1.3456,0.038834016,EIA/ICE Mid C Peak + Bank of Canada FXUSDCAD
2023-05-17,26.17,1.3463,0.035232671,EIA/ICE Mid C Peak + Bank of Canada FXUSDCAD
2023-05-18,21.91,1.35,0.0295785,EIA/ICE Mid C Peak + Bank of Canada FXUSDCAD
2023-05-19,7.58,1.3503,0.010235274,EIA/ICE Mid C Peak + Bank of Canada FXUSDCAD
2023-05-22,1.88,1.350375,0.002538705,EIA/ICE Mid C Peak + Bank of Canada FXUSDCAD
2023-05-23,12.64,1.3504,0.017069056,EIA/ICE Mid C Peak + Bank of Canada FXUSDCAD
2023-05-24,19.07,1.3582,0.025900874,EIA/ICE Mid C Peak + Bank of Canada FXUSDCAD
2023-05-25,23.54,1.3628,0.032080312,EIA/ICE Mid C Peak + Bank of Canada FXUSDCAD
2023-05-27,3.33,1.3613,0.0045331289999999995,EIA/ICE Mid C Peak + Bank of Canada FXUSDCAD
2023-05-30,14.51,1.3598,0.019730697999999998,EIA/ICE Mid C Peak + Bank of Canada FXUSDCAD
2023-05-31,20.14,1.3603,0.027396442,EIA/ICE Mid C Peak + Bank of Canada FXUSDCAD
2023-06-01,53.54,1.3482,0.07218262800000001,EIA/ICE Mid C Peak + Bank of Canada FXUSDCAD
2023-06-02,31.58,1.3435,0.04242773,EIA/ICE Mid C Peak + Bank of Canada FXUSDCAD
2023-06-05,64.23,1.3434,0.086286582,EIA/ICE Mid C Peak + Bank of Canada FXUSDCAD
2023-06-06,83.48,1.3419,0.11202181200000001,EIA/ICE Mid C Peak + Bank of Canada FXUSDCAD
2023-06-07,79.63,1.3376,0.10651308799999998,EIA/ICE Mid C Peak + Bank of Canada FXUSDCAD
2023-06-08,62.14,1.3358,0.08300661200000001,EIA/ICE Mid C Peak + Bank of Canada FXUSDCAD
2023-06-09,60.76,1.3341,0.081059916,EIA/ICE Mid C Peak + Bank of Canada FXUSDCAD
2023-06-12,69.88,1.3366,0.093401608,EIA/ICE Mid C Peak + Bank of Canada FXUSDCAD
2023-06-13,34.67,1.331,0.046145769999999996,EIA/ICE Mid C Peak + Bank of Canada FXUSDCAD
2023-06-14,24.39,1.3297,0.032431383,EIA/ICE Mid C Peak + Bank of Canada FXUSDCAD
2023-06-15,42.85,1.3252,0.05678482,EIA/ICE Mid C Peak + Bank of Canada FXUSDCAD
2023-06-17,22.32,1.3200666666666667,0.029463888,EIA/ICE Mid C Peak + Bank of Canada FXUSDCAD
2023-06-19,36.59,1.3206,0.048320754,EIA/ICE Mid C Peak + Bank of Canada FXUSDCAD
2023-06-21,47.5,1.3183,0.06261925,EIA/ICE Mid C Peak + Bank of Canada FXUSDCAD
2023-06-22,44.15,1.316,0.0581014,EIA/ICE Mid C Peak + Bank of Canada FXUSDCAD
2023-06-23,38.68,1.3199,0.051053732000000004,EIA/ICE Mid C Peak + Bank of Canada FXUSDCAD
2023-06-26,43.67,1.3151,0.057430417,EIA/ICE Mid C Peak + Bank of Canada FXUSDCAD
2023-06-27,45.99,1.3175,0.060591825,EIA/ICE Mid C Peak + Bank of Canada FXUSDCAD
2023-06-28,59.4,1.3254,0.07872876,EIA/ICE Mid C Peak + Bank of Canada FXUSDCAD
2023-07-01,76.01,1.3234750000000002,0.10059733475000002,EIA/ICE Mid C Peak + Bank of Canada FXUSDCAD
2023-07-03,122.68,1.322425,0.162235099,EIA/ICE Mid C Peak + Bank of Canada FXUSDCAD
2023-07-05,116.35,1.3273,0.154431355,EIA/ICE Mid C Peak + Bank of Canada FXUSDCAD
2023-07-06,93.71,1.3348,0.125084108,EIA/ICE Mid C Peak + Bank of Canada FXUSDCAD
2023-07-07,62.76,1.3293,0.083426868,EIA/ICE Mid C Peak + Bank of Canada FXUSDCAD
2023-07-10,52.57,1.3284,0.069833988,EIA/ICE Mid C Peak + Bank of Canada FXUSDCAD
2023-07-11,57.97,1.326,0.07686822000000001,EIA/ICE Mid C Peak + Bank of Canada FXUSDCAD
2023-07-12,54.76,1.3188,0.07221748799999998,EIA/ICE Mid C Peak + Bank of Canada FXUSDCAD
2023-07-13,65.46,1.3128,0.08593588799999999,EIA/ICE Mid C Peak + Bank of Canada FXUSDCAD
2023-07-14,106.28,1.3183,0.140108924,EIA/ICE Mid C Peak + Bank of Canada FXUSDCAD
2023-07-17,102.56,1.3187,0.135245872,EIA/ICE Mid C Peak + Bank of Canada FXUSDCAD
2023-07-18,126.22,1.319,0.16648417999999998,EIA/ICE Mid C Peak + Bank of Canada FXUSDCAD
2023-07-19,117.87,1.317,0.15523479,EIA/ICE Mid C Peak + Bank of Canada FXUSDCAD
2023-07-20,137.12,1.3171,0.180600752,EIA/ICE Mid C Peak + Bank of Canada FXUSDCAD
2023-07-21,122.79,1.3212,0.162230148,EIA/ICE Mid C Peak + Bank of Canada FXUSDCAD
2023-07-24,96.15,1.3172,0.12664878,EIA/ICE Mid C Peak + Bank of Canada FXUSDCAD
2023-07-25,104.15,1.3184,0.13731136000000002,EIA/ICE Mid C Peak + Bank of Canada FXUSDCAD
2023-07-26,105.2,1.322,0.1390744,EIA/ICE Mid C Peak + Bank of Canada FXUSDCAD
2023-07-27,111.3,1.3201,0.14692713000000002,EIA/ICE Mid C Peak + Bank of Canada FXUSDCAD
2023-07-28,108.45,1.3232,0.14350104,EIA/ICE Mid C Peak + Bank of Canada FXUSDCAD
2023-07-31,113.03,1.3177,0.14893963100000002,EIA/ICE Mid C Peak + Bank of Canada FXUSDCAD
2023-08-01,112.08,1.3291,0.14896552799999999,EIA/ICE Mid C Peak + Bank of Canada FXUSDCAD
2023-08-02,127.69,1.3335,0.170274615,EIA/ICE Mid C Peak + Bank of Canada FXUSDCAD
2023-08-03,114.76,1.3351,0.153216076,EIA/ICE Mid C Peak + Bank of Canada FXUSDCAD
2023-08-04,110.29,1.3355,0.147292295,EIA/ICE Mid C Peak + Bank of Canada FXUSDCAD
2023-08-07,109.61,1.3430749999999998,0.14721445074999998,EIA/ICE Mid C Peak + Bank of Canada FXUSDCAD
2023-08-08,97.02,1.3456,0.130550112,EIA/ICE Mid C Peak + Bank of Canada FXUSDCAD
2023-08-09,69.73,1.3431,0.093654363,EIA/ICE Mid C Peak + Bank of Canada FXUSDCAD
2023-08-10,69.35,1.3409,0.092991415,EIA/ICE Mid C Peak + Bank of Canada FXUSDCAD
2023-08-11,71.95,1.3443,0.09672238500000001,EIA/ICE Mid C Peak + Bank of Canada FXUSDCAD
2023-08-14,161.09,1.3461,0.21684324900000002,EIA/ICE Mid C Peak + Bank of Canada FXUSDCAD
2023-08-15,354.63,1.3482,0.478112166,EIA/ICE Mid C Peak + Bank of Canada FXUSDCAD
2023-08-16,976.38,1.3518,1.3198704839999997,EIA/ICE Mid C Peak + Bank of Canada FXUSDCAD
2023-08-17,162.09,1.3524,0.21921051600000002,EIA/ICE Mid C Peak + Bank of Canada FXUSDCAD
2023-08-18,62.31,1.3552,0.084442512,EIA/ICE Mid C Peak + Bank of Canada FXUSDCAD
2023-08-21,74.08,1.3543,0.100326544,EIA/ICE Mid C Peak + Bank of Canada FXUSDCAD
2023-08-22,55.05,1.3549,0.074587245,EIA/ICE Mid C Peak + Bank of Canada FXUSDCAD
2023-08-24,64.73,1.3565,0.087806245,EIA/ICE Mid C Peak + Bank of Canada FXUSDCAD
2023-08-25,71.49,1.3606,0.097269294,EIA/ICE Mid C Peak + Bank of Canada FXUSDCAD
2023-08-28,111.53,1.3596,0.151636188,EIA/ICE Mid C Peak + Bank of Canada FXUSDCAD
2023-08-29,48.03,1.3593,0.065287179,EIA/ICE Mid C Peak + Bank of Canada FXUSDCAD
2023-08-30,36.02,1.3535,0.04875307,EIA/ICE Mid C Peak + Bank of Canada FXUSDCAD
2023-08-31,57.83,1.3531,0.078249773,EIA/ICE Mid C Peak + Bank of Canada FXUSDCAD
2023-09-01,56.38,1.358,0.07656404,EIA/ICE Mid C Peak + Bank of Canada FXUSDCAD
2023-09-05,54.43,1.3627,0.074171761,EIA/ICE Mid C Peak + Bank of Canada FXUSDCAD
2023-09-06,54.76,1.3654,0.074769304,EIA/ICE Mid C Peak + Bank of Canada FXUSDCAD
2023-09-07,63.71,1.3674,0.087117054,EIA/ICE Mid C Peak + Bank of Canada FXUSDCAD
2023-09-08,80.18,1.3632,0.109301376,EIA/ICE Mid C Peak + Bank of Canada FXUSDCAD
2023-09-11,86.61,1.3581,0.11762504100000001,EIA/ICE Mid C Peak + Bank of Canada FXUSDCAD
2023-09-12,67.53,1.356,0.09157068000000002,EIA/ICE Mid C Peak + Bank of Canada FXUSDCAD
2023-09-13,74.4,1.3551,0.10081944,EIA/ICE Mid C Peak + Bank of Canada FXUSDCAD
2023-09-14,81.84,1.3515,0.11060676,EIA/ICE Mid C Peak + Bank of Canada FXUSDCAD
2023-09-15,82.36,1.3526,0.111400136,EIA/ICE Mid C Peak + Bank of Canada FXUSDCAD
2023-09-18,45.57,1.3491,0.061478487,EIA/ICE Mid C Peak + Bank of Canada FXUSDCAD
2023-09-19,45.53,1.3426,0.061128578,EIA/ICE Mid C Peak + Bank of Canada FXUSDCAD
2023-09-20,60.83,1.3423,0.081652109,EIA/ICE Mid C Peak + Bank of Canada FXUSDCAD
2023-09-21,65.22,1.3486,0.087955692,EIA/ICE Mid C Peak + Bank of Canada FXUSDCAD
2023-09-22,59.18,1.3464,0.079679952,EIA/ICE Mid C Peak + Bank of Canada FXUSDCAD
2023-09-25,69.79,1.3471,0.094014109,EIA/ICE Mid C Peak + Bank of Canada FXUSDCAD
2023-09-26,57.44,1.3509,0.07759569599999999,EIA/ICE Mid C Peak + Bank of Canada FXUSDCAD
2023-09-27,42.45,1.3515,0.057371175,EIA/ICE Mid C Peak + Bank of Canada FXUSDCAD
2023-09-28,49.39,1.3493,0.06664192699999999,EIA/ICE Mid C Peak + Bank of Canada FXUSDCAD
2023-09-29,54.52,1.352,0.07371104,EIA/ICE Mid C Peak + Bank of Canada FXUSDCAD
2023-10-02,52.68,1.366325,0.071978001,EIA/ICE Mid C Peak + Bank of Canada FXUSDCAD
2023-10-03,47.94,1.3711,0.065730534,EIA/ICE Mid C Peak + Bank of Canada FXUSDCAD
2023-10-04,52.85,1.3743,0.072631755,EIA/ICE Mid C Peak + Bank of Canada FXUSDCAD
2023-10-05,68.36,1.3733,0.093878788,EIA/ICE Mid C Peak + Bank of Canada FXUSDCAD
2023-10-06,81.15,1.3683,0.11103754500000002,EIA/ICE Mid C Peak + Bank of Canada FXUSDCAD
2023-10-09,65.4,1.3614,0.08903556,EIA/ICE Mid C Peak + Bank of Canada FXUSDCAD
2023-10-10,55.77,1.3591,0.07579700700000001,EIA/ICE Mid C Peak + Bank of Canada FXUSDCAD
2023-10-11,56.97,1.3603,0.077496291,EIA/ICE Mid C Peak + Bank of Canada FXUSDCAD
2023-10-12,69.33,1.3657,0.09468398099999999,EIA/ICE Mid C Peak + Bank of Canada FXUSDCAD
2023-10-13,68.23,1.3661,0.09320900300000001,EIA/ICE Mid C Peak + Bank of Canada FXUSDCAD
2023-10-16,94.52,1.3619,0.128726788,EIA/ICE Mid C Peak + Bank of Canada FXUSDCAD
2023-10-17,99.48,1.3647,0.135760356,EIA/ICE Mid C Peak + Bank of Canada FXUSDCAD
2023-10-18,110.58,1.3685,0.15132873,EIA/ICE Mid C Peak + Bank of Canada FXUSDCAD
2023-10-19,108.51,1.3715,0.148821465,EIA/ICE Mid C Peak + Bank of Canada FXUSDCAD
2023-10-20,98.38,1.3695,0.13473141,EIA/ICE Mid C Peak + Bank of Canada FXUSDCAD
2023-10-23,36.86,1.3693,0.050472398,EIA/ICE Mid C Peak + Bank of Canada FXUSDCAD
2023-10-24,98.63,1.3731,0.13542885300000002,EIA/ICE Mid C Peak + Bank of Canada FXUSDCAD
2023-10-25,132.76,1.3782,0.182969832,EIA/ICE Mid C Peak + Bank of Canada FXUSDCAD
2023-10-26,284.92,1.3825,0.3939019,EIA/ICE Mid C Peak + Bank of Canada FXUSDCAD
2023-10-27,241.04,1.3857,0.334009128,EIA/ICE Mid C Peak + Bank of Canada FXUSDCAD
2023-10-30,188.5,1.3833,0.26075205,EIA/ICE Mid C Peak + Bank of Canada FXUSDCAD
2023-10-31,115.62,1.3871,0.160376502,EIA/ICE Mid C Peak + Bank of Canada FXUSDCAD
2023-11-01,102.76,1.3875,0.1425795,EIA/ICE Mid C Peak + Bank of Canada FXUSDCAD
2023-11-02,63.83,1.3778,0.08794497399999998,EIA/ICE Mid C Peak + Bank of Canada FXUSDCAD
2023-11-03,53.15,1.3683,0.07272514499999999,EIA/ICE Mid C Peak + Bank of Canada FXUSDCAD
2023-11-06,55.48,1.3676,0.07587444799999998,EIA/ICE Mid C Peak + Bank of Canada FXUSDCAD
2023-11-07,38.19,1.376,0.05254943999999999,EIA/ICE Mid C Peak + Bank of Canada FXUSDCAD
2023-11-08,78.75,1.3797,0.10865137499999998,EIA/ICE Mid C Peak + Bank of Canada FXUSDCAD
2023-11-10,45.59,1.3819,0.063000821,EIA/ICE Mid C Peak + Bank of Canada FXUSDCAD
2023-11-13,49.44,1.37485,0.067972584,EIA/ICE Mid C Peak + Bank of Canada FXUSDCAD
2023-11-14,88.41,1.3725,0.121342725,EIA/ICE Mid C Peak + Bank of Canada FXUSDCAD
2023-11-15,97.95,1.3675,0.133946625,EIA/ICE Mid C Peak + Bank of Canada FXUSDCAD
2023-11-16,99.41,1.375,0.13668875,EIA/ICE Mid C Peak + Bank of Canada FXUSDCAD
2023-11-17,74.29,1.3722,0.10194073800000002,EIA/ICE Mid C Peak + Bank of Canada FXUSDCAD
2023-11-20,81.82,1.3726,0.11230613199999999,EIA/ICE Mid C Peak + Bank of Canada FXUSDCAD
2023-11-21,76.64,1.3698,0.10498147199999999,EIA/ICE Mid C Peak + Bank of Canada FXUSDCAD
2023-11-24,70.34,1.3623,0.09582418200000001,EIA/ICE Mid C Peak + Bank of Canada FXUSDCAD
2023-11-25,72.34,1.3627,0.09857771800000001,EIA/ICE Mid C Peak + Bank of Canada FXUSDCAD
2023-11-28,96.89,1.3581,0.131586309,EIA/ICE Mid C Peak + Bank of Canada FXUSDCAD
2023-11-29,110.0,1.359,0.14949,EIA/ICE Mid C Peak + Bank of Canada FXUSDCAD
2023-11-30,129.59,1.3582,0.176009138,EIA/ICE Mid C Peak + Bank of Canada FXUSDCAD
2023-12-01,70.35,1.3507,0.09502174499999999,EIA/ICE Mid C Peak + Bank of Canada FXUSDCAD
2023-12-04,80.06,1.3541,0.10840924600000001,EIA/ICE Mid C Peak + Bank of Canada FXUSDCAD
2023-12-05,65.56,1.3579,0.089023924,EIA/ICE Mid C Peak + Bank of Canada FXUSDCAD
2023-12-06,72.4,1.3574,0.09827576,EIA/ICE Mid C Peak + Bank of Canada FXUSDCAD
2023-12-07,60.35,1.3597,0.082057895,EIA/ICE Mid C Peak + Bank of Canada FXUSDCAD
2023-12-08,74.32,1.3588,0.100986016,EIA/ICE Mid C Peak + Bank of Canada FXUSDCAD
2023-12-11,75.37,1.357,0.10227709,EIA/ICE Mid C Peak + Bank of Canada FXUSDCAD
2023-12-12,64.28,1.3599,0.08741437200000002,EIA/ICE Mid C Peak + Bank of Canada FXUSDCAD
2023-12-13,59.58,1.3561,0.08079643800000001,EIA/ICE Mid C Peak + Bank of Canada FXUSDCAD
2023-12-14,61.74,1.3419,0.08284890600000001,EIA/ICE Mid C Peak + Bank of Canada FXUSDCAD
2023-12-15,51.22,1.3378,0.068522116,EIA/ICE Mid C Peak + Bank of Canada FXUSDCAD
2023-12-18,62.3,1.3387,0.08340101,EIA/ICE Mid C Peak + Bank of Canada FXUSDCAD
2023-12-19,50.57,1.3344,0.067480608,EIA/ICE Mid C Peak + Bank of Canada FXUSDCAD
2023-12-20,50.91,1.3331,0.06786812099999999,EIA/ICE Mid C Peak + Bank of Canada FXUSDCAD
2023-12-21,45.1,1.3311,0.06003261,EIA/ICE Mid C Peak + Bank of Canada FXUSDCAD
2023-12-23,40.89,1.32474,0.0541686186,EIA/ICE Mid C Peak + Bank of Canada FXUSDCAD
2023-12-26,36.2,1.32156,0.04784047200000001,EIA/ICE Mid C Peak + Bank of Canada FXUSDCAD
2023-12-28,35.27,1.3212,0.046598724,EIA/ICE Mid C Peak + Bank of Canada FXUSDCAD
2023-12-30,41.08,1.32485,0.054424838,EIA/ICE Mid C Peak + Bank of Canada FXUSDCAD
2024-01-02,69.61,1.3316,0.09269267599999999,EIA/ICE Mid C Peak + Bank of Canada FXUSDCAD
2024-01-03,71.74,1.3356,0.09581594399999999,EIA/ICE Mid C Peak + Bank of Canada FXUSDCAD
2024-01-04,63.05,1.3354,0.08419697,EIA/ICE Mid C Peak + Bank of Canada FXUSDCAD
2024-01-05,56.85,1.3347,0.07587769500000001,EIA/ICE Mid C Peak + Bank of Canada FXUSDCAD
2024-01-08,112.66,1.3372,0.15064895199999997,EIA/ICE Mid C Peak + Bank of Canada FXUSDCAD
2024-01-09,78.77,1.3391,0.10548090699999998,EIA/ICE Mid C Peak + Bank of Canada FXUSDCAD
2024-01-10,105.15,1.3382,0.14071173,EIA/ICE Mid C Peak + Bank of Canada FXUSDCAD
2024-01-11,879.07,1.3409,1.1787449630000002,EIA/ICE Mid C Peak + Bank of Canada FXUSDCAD
2024-01-13,934.0,1.3403333333333334,1.2518713333333333,EIA/ICE Mid C Peak + Bank of Canada FXUSDCAD
2024-01-15,798.15,1.3436,1.0723943399999998,EIA/ICE Mid C Peak + Bank of Canada FXUSDCAD
2024-01-17,374.09,1.3522,0.505844498,EIA/ICE Mid C Peak + Bank of Canada FXUSDCAD
2024-01-18,348.04,1.3505,0.47002802000000005,EIA/ICE Mid C Peak + Bank of Canada FXUSDCAD
2024-01-19,140.07,1.3462,0.188562234,EIA/ICE Mid C Peak + Bank of Canada FXUSDCAD
2024-01-22,89.58,1.3454,0.12052093199999998,EIA/ICE Mid C Peak + Bank of Canada FXUSDCAD
2024-01-23,88.41,1.3478,0.11915899800000002,EIA/ICE Mid C Peak + Bank of Canada FXUSDCAD
2024-01-24,98.03,1.3484,0.13218365199999998,EIA/ICE Mid C Peak + Bank of Canada FXUSDCAD
2024-01-25,60.86,1.3496,0.08213665599999999,EIA/ICE Mid C Peak + Bank of Canada FXUSDCAD
2024-01-26,59.42,1.3449,0.07991395800000001,EIA/ICE Mid C Peak + Bank of Canada FXUSDCAD
2024-01-29,56.53,1.3442,0.075987626,EIA/ICE Mid C Peak + Bank of Canada FXUSDCAD
2024-01-30,36.51,1.3417,0.04898546699999999,EIA/ICE Mid C Peak + Bank of Canada FXUSDCAD
2024-01-31,44.58,1.3397,0.059723825999999994,EIA/ICE Mid C Peak + Bank of Canada FXUSDCAD
2024-02-01,50.26,1.3404,0.067368504,EIA/ICE Mid C Peak + Bank of Canada FXUSDCAD
2024-02-02,40.73,1.3454,0.054798141999999994,EIA/ICE Mid C Peak + Bank of Canada FXUSDCAD
2024-02-05,60.92,1.3527,0.082406484,EIA/ICE Mid C Peak + Bank of Canada FXUSDCAD
2024-02-06,54.55,1.3506,0.07367523,EIA/ICE Mid C Peak + Bank of Canada FXUSDCAD
2024-02-07,53.5,1.3469,0.07205915,EIA/ICE Mid C Peak + Bank of Canada FXUSDCAD
2024-02-08,44.96,1.3467,0.060547632,EIA/ICE Mid C Peak + Bank of Canada FXUSDCAD
2024-02-09,56.69,1.3458,0.076293402,EIA/ICE Mid C Peak + Bank of Canada FXUSDCAD
2024-02-12,47.83,1.345,0.06433135,EIA/ICE Mid C Peak + Bank of Canada FXUSDCAD
2024-02-13,57.26,1.3556,0.07762165599999998,EIA/ICE Mid C Peak + Bank of Canada FXUSDCAD
2024-02-14,58.11,1.355,0.07873904999999999,EIA/ICE Mid C Peak + Bank of Canada FXUSDCAD
2024-02-15,64.09,1.3493,0.086476637,EIA/ICE Mid C Peak + Bank of Canada FXUSDCAD
2024-02-17,50.46,1.34925,0.068083155,EIA/ICE Mid C Peak + Bank of Canada FXUSDCAD
2024-02-19,60.42,1.3509499999999999,0.081624399,EIA/ICE Mid C Peak + Bank of Canada FXUSDCAD
2024-02-21,58.7,1.3512,0.07931544,EIA/ICE Mid C Peak + Bank of Canada FXUSDCAD
2024-02-22,47.6,1.3494,0.06423143999999999,EIA/ICE Mid C Peak + Bank of Canada FXUSDCAD
2024-02-23,39.1,1.3494,0.052761539999999996,EIA/ICE Mid C Peak + Bank of Canada FXUSDCAD
2024-02-26,35.13,1.3515,0.047478195,EIA/ICE Mid C Peak + Bank of Canada FXUSDCAD
2024-02-27,42.42,1.3521,0.05735608200000001,EIA/ICE Mid C Peak + Bank of Canada FXUSDCAD
2024-02-28,24.89,1.3574,0.033785685999999995,EIA/ICE Mid C Peak + Bank of Canada FXUSDCAD
2024-02-29,37.55,1.357,0.050955349999999996,EIA/ICE Mid C Peak + Bank of Canada FXUSDCAD
2024-03-01,44.93,1.3564,0.060943052000000004,EIA/ICE Mid C Peak + Bank of Canada FXUSDCAD
2024-03-04,62.62,1.3572,0.08498786399999998,EIA/ICE Mid C Peak + Bank of Canada FXUSDCAD
2024-03-05,81.92,1.3582,0.111263744,EIA/ICE Mid C Peak + Bank of Canada FXUSDCAD
2024-03-06,65.27,1.3528,0.08829725599999999,EIA/ICE Mid C Peak + Bank of Canada FXUSDCAD
2024-03-08,43.39,1.3471,0.058450669,EIA/ICE Mid C Peak + Bank of Canada FXUSDCAD
2024-03-11,36.34,1.3491,0.049026294,EIA/ICE Mid C Peak + Bank of Canada FXUSDCAD
2024-03-12,27.38,1.3499,0.036960262,EIA/ICE Mid C Peak + Bank of Canada FXUSDCAD
2024-03-13,41.12,1.3472,0.055396864,EIA/ICE Mid C Peak + Bank of Canada FXUSDCAD
2024-03-14,37.88,1.3512,0.051183456,EIA/ICE Mid C Peak + Bank of Canada FXUSDCAD
2024-03-15,31.21,1.3533,0.042236493,EIA/ICE Mid C Peak + Bank of Canada FXUSDCAD
2024-03-18,30.63,1.3541,0.041476083000000004,EIA/ICE Mid C Peak + Bank of Canada FXUSDCAD
2024-03-19,34.22,1.3581,0.046474181999999996,EIA/ICE Mid C Peak + Bank of Canada FXUSDCAD
2024-03-20,21.83,1.3559,0.029599297,EIA/ICE Mid C Peak + Bank of Canada FXUSDCAD
2024-03-22,22.73,1.3593,0.030896888999999997,EIA/ICE Mid C Peak + Bank of Canada FXUSDCAD
2024-03-25,23.7,1.3583,0.03219171,EIA/ICE Mid C Peak + Bank of Canada FXUSDCAD
2024-03-26,23.32,1.3572,0.031649904,EIA/ICE Mid C Peak + Bank of Canada FXUSDCAD
2024-03-28,26.58,1.355,0.036015899999999997,EIA/ICE Mid C Peak + Bank of Canada FXUSDCAD
2024-03-30,26.84,1.3561999999999999,0.036400408,EIA/ICE Mid C Peak + Bank of Canada FXUSDCAD
2024-04-01,37.97,1.3574,0.051540477999999994,EIA/ICE Mid C Peak + Bank of Canada FXUSDCAD
2024-04-02,27.13,1.3572,0.036820836,EIA/ICE Mid C Peak + Bank of Canada FXUSDCAD
2024-04-03,35.33,1.3537,0.047826220999999995,EIA/ICE Mid C Peak + Bank of Canada FXUSDCAD
2024-04-05,20.11,1.3598,0.027345577999999995,EIA/ICE Mid C Peak + Bank of Canada FXUSDCAD
2024-04-08,28.03,1.3582,0.038070346,EIA/ICE Mid C Peak + Bank of Canada FXUSDCAD
2024-04-09,22.72,1.3578,0.030849215999999995,EIA/ICE Mid C Peak + Bank of Canada FXUSDCAD
2024-04-10,46.95,1.3671,0.064185345,EIA/ICE Mid C Peak + Bank of Canada FXUSDCAD
2024-04-11,48.36,1.3692,0.066214512,EIA/ICE Mid C Peak + Bank of Canada FXUSDCAD
2024-04-12,38.68,1.3766,0.053246888,EIA/ICE Mid C Peak + Bank of Canada FXUSDCAD
2024-04-15,22.95,1.3764,0.03158838,EIA/ICE Mid C Peak + Bank of Canada FXUSDCAD
2024-04-16,22.11,1.3821,0.030558231,EIA/ICE Mid C Peak + Bank of Canada FXUSDCAD
2024-04-17,36.78,1.3794,0.050734332,EIA/ICE Mid C Peak + Bank of Canada FXUSDCAD
2024-04-22,41.41,1.3715,0.056793815,EIA/ICE Mid C Peak + Bank of Canada FXUSDCAD
2024-04-23,43.86,1.3673,0.059969778,EIA/ICE Mid C Peak + Bank of Canada FXUSDCAD
2024-04-24,27.1,1.3709,0.03715139,EIA/ICE Mid C Peak + Bank of Canada FXUSDCAD
2024-04-25,38.65,1.3689,0.052907985,EIA/ICE Mid C Peak + Bank of Canada FXUSDCAD
2024-04-26,24.28,1.3668,0.033185904,EIA/ICE Mid C Peak + Bank of Canada FXUSDCAD
2024-04-29,33.29,1.3658,0.045467482,EIA/ICE Mid C Peak + Bank of Canada FXUSDCAD
2024-04-30,63.16,1.3746,0.086819736,EIA/ICE Mid C Peak + Bank of Canada FXUSDCAD
2024-05-01,56.24,1.3759,0.077380616,EIA/ICE Mid C Peak + Bank of Canada FXUSDCAD
2024-05-03,48.75,1.3672,0.066651,EIA/ICE Mid C Peak + Bank of Canada FXUSDCAD
2024-05-06,33.63,1.3661,0.045941943000000006,EIA/ICE Mid C Peak + Bank of Canada FXUSDCAD
2024-05-07,23.68,1.3705,0.03245344,EIA/ICE Mid C Peak + Bank of Canada FXUSDCAD
2024-05-08,46.5,1.3734,0.06386309999999999,EIA/ICE Mid C Peak + Bank of Canada FXUSDCAD
2024-05-09,45.58,1.3692,0.062408135999999996,EIA/ICE Mid C Peak + Bank of Canada FXUSDCAD
2024-05-10,56.29,1.3665,0.076920285,EIA/ICE Mid C Peak + Bank of Canada FXUSDCAD
2024-05-13,32.75,1.3672,0.0447758,EIA/ICE Mid C Peak + Bank of Canada FXUSDCAD
2024-05-14,47.91,1.3653,0.06541152299999999,EIA/ICE Mid C Peak + Bank of Canada FXUSDCAD
2024-05-15,33.61,1.3615,0.045760014999999994,EIA/ICE Mid C Peak + Bank of Canada FXUSDCAD
2024-05-17,8.49,1.3615,0.011559135,EIA/ICE Mid C Peak + Bank of Canada FXUSDCAD
2024-05-20,21.45,1.36405,0.029258872499999998,EIA/ICE Mid C Peak + Bank of Canada FXUSDCAD
2024-05-21,15.61,1.3649,0.021306089,EIA/ICE Mid C Peak + Bank of Canada FXUSDCAD
2024-05-22,12.95,1.3674,0.017707829999999997,EIA/ICE Mid C Peak + Bank of Canada FXUSDCAD
2024-05-23,18.38,1.3702,0.025184276000000002,EIA/ICE Mid C Peak + Bank of Canada FXUSDCAD
2024-05-25,6.99,1.3660666666666665,0.009548805999999998,EIA/ICE Mid C Peak + Bank of Canada FXUSDCAD
2024-05-28,18.8,1.3638,0.02563944,EIA/ICE Mid C Peak + Bank of Canada FXUSDCAD
2024-05-29,8.18,1.37,0.0112066,EIA/ICE Mid C Peak + Bank of Canada FXUSDCAD
2024-06-01,18.1,1.3636333333333333,0.024681763333333332,EIA/ICE Mid C Peak + Bank of Canada FXUSDCAD
2024-06-03,28.2,1.3635,0.0384507,EIA/ICE Mid C Peak + Bank of Canada FXUSDCAD
2024-06-04,28.55,1.3681,0.039059255,EIA/ICE Mid C Peak + Bank of Canada FXUSDCAD
2024-06-05,30.43,1.3696,0.041676927999999995,EIA/ICE Mid C Peak + Bank of Canada FXUSDCAD
2024-06-06,34.68,1.3686,0.047463048,EIA/ICE Mid C Peak + Bank of Canada FXUSDCAD
2024-06-07,47.11,1.374,0.06472914,EIA/ICE Mid C Peak + Bank of Canada FXUSDCAD
2024-06-10,21.61,1.3765,0.029746165,EIA/ICE Mid C Peak + Bank of Canada FXUSDCAD
2024-06-11,14.95,1.3767,0.020581665000000002,EIA/ICE Mid C Peak + Bank of Canada FXUSDCAD
2024-06-12,26.63,1.37,0.0364831,EIA/ICE Mid C Peak + Bank of Canada FXUSDCAD
2024-06-14,16.94,1.3751,0.023294194,EIA/ICE Mid C Peak + Bank of Canada FXUSDCAD
2024-06-17,21.7,1.3743,0.02982231,EIA/ICE Mid C Peak + Bank of Canada FXUSDCAD
2024-06-18,31.4,1.3723,0.043090220000000005,EIA/ICE Mid C Peak + Bank of Canada FXUSDCAD
2024-06-19,41.83,1.3709,0.057344747,EIA/ICE Mid C Peak + Bank of Canada FXUSDCAD
2024-06-21,42.47,1.3702,0.058192394,EIA/ICE Mid C Peak + Bank of Canada FXUSDCAD
2024-06-24,48.35,1.3663,0.06606060500000001,EIA/ICE Mid C Peak + Bank of Canada FXUSDCAD
2024-06-25,66.9,1.3659,0.09137871,EIA/ICE Mid C Peak + Bank of Canada FXUSDCAD
2024-06-26,38.31,1.3696,0.052469376,EIA/ICE Mid C Peak + Bank of Canada FXUSDCAD
2024-06-29,49.15,1.36895,0.0672838925,EIA/ICE Mid C Peak + Bank of Canada FXUSDCAD
2024-07-01,39.89,1.36945,0.0546273605,EIA/ICE Mid C Peak + Bank of Canada FXUSDCAD
2024-07-02,35.13,1.3697,0.048117561,EIA/ICE Mid C Peak + Bank of Canada FXUSDCAD
2024-07-03,43.35,1.3637,0.059116394999999995,EIA/ICE Mid C Peak + Bank of Canada FXUSDCAD
2024-07-05,117.01,1.3633,0.159519733,EIA/ICE Mid C Peak + Bank of Canada FXUSDCAD
2024-07-06,156.35,1.3633333333333333,0.21315716666666665,EIA/ICE Mid C Peak + Bank of Canada FXUSDCAD
2024-07-09,147.01,1.3638,0.200492238,EIA/ICE Mid C Peak + Bank of Canada FXUSDCAD
2024-07-10,98.56,1.362,0.13423872,EIA/ICE Mid C Peak + Bank of Canada FXUSDCAD
2024-07-12,84.2,1.3628,0.11474776,EIA/ICE Mid C Peak + Bank of Canada FXUSDCAD
2024-07-15,59.63,1.3664,0.08147843200000002,EIA/ICE Mid C Peak + Bank of Canada FXUSDCAD
2024-07-16,82.34,1.3686,0.11269052400000001,EIA/ICE Mid C Peak + Bank of Canada FXUSDCAD
2024-07-17,67.68,1.3685,0.09262008000000002,EIA/ICE Mid C Peak + Bank of Canada FXUSDCAD
2024-07-18,64.63,1.3696,0.08851724799999999,EIA/ICE Mid C Peak + Bank of Canada FXUSDCAD
2024-07-19,72.89,1.3727,0.10005610300000001,EIA/ICE Mid C Peak + Bank of Canada FXUSDCAD
2024-07-22,68.27,1.3755,0.093905385,EIA/ICE Mid C Peak + Bank of Canada FXUSDCAD
2024-07-23,73.23,1.3768,0.100823064,EIA/ICE Mid C Peak + Bank of Canada FXUSDCAD
2024-07-24,70.34,1.3794,0.09702699599999999,EIA/ICE Mid C Peak + Bank of Canada FXUSDCAD
2024-07-26,65.29,1.383,0.09029607000000002,EIA/ICE Mid C Peak + Bank of Canada FXUSDCAD
2024-07-29,40.41,1.3852,0.05597593199999999,EIA/ICE Mid C Peak + Bank of Canada FXUSDCAD
2024-07-30,46.23,1.3851,0.06403317299999998,EIA/ICE Mid C Peak + Bank of Canada FXUSDCAD
2024-07-31,66.96,1.3809,0.092465064,EIA/ICE Mid C Peak + Bank of Canada FXUSDCAD
2024-08-01,97.65,1.3846,0.13520619000000003,EIA/ICE Mid C Peak + Bank of Canada FXUSDCAD
2024-08-02,72.0,1.3858,0.0997776,EIA/ICE Mid C Peak + Bank of Canada FXUSDCAD
2024-08-05,81.1,1.381,0.1119991,EIA/ICE Mid C Peak + Bank of Canada FXUSDCAD
2024-08-06,69.49,1.3794,0.09585450599999999,EIA/ICE Mid C Peak + Bank of Canada FXUSDCAD
2024-08-07,78.35,1.3739,0.10764506499999998,EIA/ICE Mid C Peak + Bank of Canada FXUSDCAD
2024-08-09,54.84,1.3732,0.07530628800000001,EIA/ICE Mid C Peak + Bank of Canada FXUSDCAD
2024-08-12,32.95,1.3738,0.04526671,EIA/ICE Mid C Peak + Bank of Canada FXUSDCAD
2024-08-13,30.06,1.3723,0.041251338000000005,EIA/ICE Mid C Peak + Bank of Canada FXUSDCAD
2024-08-14,39.64,1.3711,0.054350404,EIA/ICE Mid C Peak + Bank of Canada FXUSDCAD
2024-08-15,34.37,1.3715,0.047138454999999996,EIA/ICE Mid C Peak + Bank of Canada FXUSDCAD
2024-08-16,39.51,1.3707,0.054156357,EIA/ICE Mid C Peak + Bank of Canada FXUSDCAD
2024-08-19,45.34,1.3651,0.061893634,EIA/ICE Mid C Peak + Bank of Canada FXUSDCAD
2024-08-20,42.81,1.3627,0.058337187000000006,EIA/ICE Mid C Peak + Bank of Canada FXUSDCAD
2024-08-21,35.93,1.3592,0.048836056,EIA/ICE Mid C Peak + Bank of Canada FXUSDCAD
2024-08-23,18.67,1.3529,0.025258643000000004,EIA/ICE Mid C Peak + Bank of Canada FXUSDCAD
2024-08-26,47.15,1.3481,0.063562915,EIA/ICE Mid C Peak + Bank of Canada FXUSDCAD
2024-08-27,15.76,1.346,0.021212960000000003,EIA/ICE Mid C Peak + Bank of Canada FXUSDCAD
2024-08-28,32.8,1.3471,0.044184879999999996,EIA/ICE Mid C Peak + Bank of Canada FXUSDCAD
2024-08-29,37.1,1.3474,0.04998854,EIA/ICE Mid C Peak + Bank of Canada FXUSDCAD
2024-08-30,49.05,1.3491,0.066173355,EIA/ICE Mid C Peak + Bank of Canada FXUSDCAD
2024-09-03,49.74,1.3548,0.06738775200000001,EIA/ICE Mid C Peak + Bank of Canada FXUSDCAD
2024-09-04,89.35,1.3525,0.12084587499999999,EIA/ICE Mid C Peak + Bank of Canada FXUSDCAD
2024-09-06,99.8,1.3545,0.1351791,EIA/ICE Mid C Peak + Bank of Canada FXUSDCAD
2024-09-09,50.84,1.3561,0.068944124,EIA/ICE Mid C Peak + Bank of Canada FXUSDCAD
2024-09-10,43.68,1.3599,0.059400432,EIA/ICE Mid C Peak + Bank of Canada FXUSDCAD
2024-09-11,33.07,1.3589,0.044938823,EIA/ICE Mid C Peak + Bank of Canada FXUSDCAD
2024-09-12,30.24,1.3591,0.041099184,EIA/ICE Mid C Peak + Bank of Canada FXUSDCAD
2024-09-13,33.95,1.3586,0.04612447,EIA/ICE Mid C Peak + Bank of Canada FXUSDCAD
2024-09-16,35.96,1.3593,0.048880428000000004,EIA/ICE Mid C Peak + Bank of Canada FXUSDCAD
2024-09-17,30.87,1.3596,0.041970852,EIA/ICE Mid C Peak + Bank of Canada FXUSDCAD
2024-09-18,40.9,1.359,0.055583099999999996,EIA/ICE Mid C Peak + Bank of Canada FXUSDCAD
2024-09-20,44.47,1.3565,0.060323555,EIA/ICE Mid C Peak + Bank of Canada FXUSDCAD
2024-09-23,55.79,1.351,0.07537229,EIA/ICE Mid C Peak + Bank of Canada FXUSDCAD
2024-09-24,69.45,1.3468,0.09353526000000001,EIA/ICE Mid C Peak + Bank of Canada FXUSDCAD
2024-09-25,34.58,1.3462,0.046551595999999994,EIA/ICE Mid C Peak + Bank of Canada FXUSDCAD
2024-09-26,50.49,1.3474,0.068030226,EIA/ICE Mid C Peak + Bank of Canada FXUSDCAD
2024-09-27,53.61,1.3499,0.072368139,EIA/ICE Mid C Peak + Bank of Canada FXUSDCAD
2024-09-30,63.7,1.3502750000000001,0.08601251750000001,EIA/ICE Mid C Peak + Bank of Canada FXUSDCAD
2024-10-01,50.78,1.3504,0.068573312,EIA/ICE Mid C Peak + Bank of Canada FXUSDCAD
2024-10-02,52.17,1.3491,0.070382547,EIA/ICE Mid C Peak + Bank of Canada FXUSDCAD
2024-10-04,44.2,1.3577,0.06001034,EIA/ICE Mid C Peak + Bank of Canada FXUSDCAD
2024-10-07,88.18,1.3609,0.12000416200000001,EIA/ICE Mid C Peak + Bank of Canada FXUSDCAD
2024-10-08,72.57,1.3657,0.09910884899999997,EIA/ICE Mid C Peak + Bank of Canada FXUSDCAD
2024-10-09,41.35,1.369,0.05660815,EIA/ICE Mid C Peak + Bank of Canada FXUSDCAD
2024-10-10,72.76,1.3754,0.10007410400000001,EIA/ICE Mid C Peak + Bank of Canada FXUSDCAD
2024-10-11,64.97,1.3761,0.08940521700000001,EIA/ICE Mid C Peak + Bank of Canada FXUSDCAD
2024-10-14,48.65,1.3794,0.06710781,EIA/ICE Mid C Peak + Bank of Canada FXUSDCAD
2024-10-15,59.53,1.3805,0.082181165,EIA/ICE Mid C Peak + Bank of Canada FXUSDCAD
2024-10-16,38.69,1.3771,0.053279998999999995,EIA/ICE Mid C Peak + Bank of Canada FXUSDCAD
2024-10-18,44.85,1.3802,0.06190197000000001,EIA/ICE Mid C Peak + Bank of Canada FXUSDCAD
2024-10-21,40.43,1.3835,0.055934905,EIA/ICE Mid C Peak + Bank of Canada FXUSDCAD
2024-10-22,65.95,1.3825,0.091175875,EIA/ICE Mid C Peak + Bank of Canada FXUSDCAD
2024-10-23,51.2,1.3843,0.07087616000000001,EIA/ICE Mid C Peak + Bank of Canada FXUSDCAD
2024-10-24,59.77,1.3845,0.08275156500000001,EIA/ICE Mid C Peak + Bank of Canada FXUSDCAD
2024-10-25,61.77,1.3872,0.08568734400000001,EIA/ICE Mid C Peak + Bank of Canada FXUSDCAD
2024-10-28,40.0,1.3895,0.05558,EIA/ICE Mid C Peak + Bank of Canada FXUSDCAD
2024-10-29,57.75,1.3911,0.080336025,EIA/ICE Mid C Peak + Bank of Canada FXUSDCAD
2024-10-30,68.67,1.3915,0.095554305,EIA/ICE Mid C Peak + Bank of Canada FXUSDCAD
2024-11-04,21.56,1.3894,0.029955463999999998,EIA/ICE Mid C Peak + Bank of Canada FXUSDCAD
2024-11-05,30.17,1.3854,0.041797518000000006,EIA/ICE Mid C Peak + Bank of Canada FXUSDCAD
2024-11-06,39.16,1.3935,0.05456945999999999,EIA/ICE Mid C Peak + Bank of Canada FXUSDCAD
2024-11-07,39.61,1.3866,0.054923226,EIA/ICE Mid C Peak + Bank of Canada FXUSDCAD
2024-11-09,29.55,1.392075,0.04113581625,EIA/ICE Mid C Peak + Bank of Canada FXUSDCAD
2024-11-11,18.74,1.3936250000000001,0.0261165325,EIA/ICE Mid C Peak + Bank of Canada FXUSDCAD
2024-11-13,26.33,1.398,0.03680933999999999,EIA/ICE Mid C Peak + Bank of Canada FXUSDCAD
2024-11-15,33.65,1.4079,0.047375835,EIA/ICE Mid C Peak + Bank of Canada FXUSDCAD
2024-11-18,30.39,1.4042,0.042673638,EIA/ICE Mid C Peak + Bank of Canada FXUSDCAD
2024-11-19,44.41,1.3981,0.06208962099999999,EIA/ICE Mid C Peak + Bank of Canada FXUSDCAD
2024-11-20,47.46,1.3993,0.066410778,EIA/ICE Mid C Peak + Bank of Canada FXUSDCAD
2024-11-21,48.02,1.396,0.06703592,EIA/ICE Mid C Peak + Bank of Canada FXUSDCAD
2024-11-22,43.38,1.3979,0.060640901999999997,EIA/ICE Mid C Peak + Bank of Canada FXUSDCAD
2024-11-25,57.57,1.398,0.08048285999999999,EIA/ICE Mid C Peak + Bank of Canada FXUSDCAD
2024-11-26,52.86,1.4082,0.07443745199999999,EIA/ICE Mid C Peak + Bank of Canada FXUSDCAD
2024-11-29,50.21,1.401,0.07034421,EIA/ICE Mid C Peak + Bank of Canada FXUSDCAD
2024-12-03,54.07,1.4056,0.076000792,EIA/ICE Mid C Peak + Bank of Canada FXUSDCAD
2024-12-04,67.69,1.4066,0.09521275400000001,EIA/ICE Mid C Peak + Bank of Canada FXUSDCAD
2024-12-05,66.43,1.4038,0.093254434,EIA/ICE Mid C Peak + Bank of Canada FXUSDCAD
2024-12-06,38.93,1.4136,0.055031448,EIA/ICE Mid C Peak + Bank of Canada FXUSDCAD
2024-12-09,55.11,1.413,0.07787043,EIA/ICE Mid C Peak + Bank of Canada FXUSDCAD
2024-12-10,54.25,1.4167,0.076855975,EIA/ICE Mid C Peak + Bank of Canada FXUSDCAD
2024-12-11,55.0,1.4154,0.077847,EIA/ICE Mid C Peak + Bank of Canada FXUSDCAD
2024-12-13,44.35,1.4231,0.063114485,EIA/ICE Mid C Peak + Bank of Canada FXUSDCAD
2024-12-16,50.0,1.4239,0.071195,EIA/ICE Mid C Peak + Bank of Canada FXUSDCAD
2024-12-17,47.47,1.4305,0.06790583500000001,EIA/ICE Mid C Peak + Bank of Canada FXUSDCAD
2024-12-18,25.49,1.4343,0.03656030699999999,EIA/ICE Mid C Peak + Bank of Canada FXUSDCAD
2024-12-19,39.24,1.437,0.05638788,EIA/ICE Mid C Peak + Bank of Canada FXUSDCAD
2024-12-20,33.52,1.4365,0.04815148,EIA/ICE Mid C Peak + Bank of Canada FXUSDCAD
2024-12-23,39.56,1.4395,0.05694662,EIA/ICE Mid C Peak + Bank of Canada FXUSDCAD
2024-12-24,31.33,1.4386,0.045071337999999996,EIA/ICE Mid C Peak + Bank of Canada FXUSDCAD
2024-12-27,28.72,1.4416,0.041402752,EIA/ICE Mid C Peak + Bank of Canada FXUSDCAD
2024-12-30,28.82,1.4379,0.041440278,EIA/ICE Mid C Peak + Bank of Canada FXUSDCAD
2024-12-31,37.31,1.4389,0.053685359,EIA/ICE Mid C Peak + Bank of Canada FXUSDCAD
2025-01-02,38.72,1.4418,0.055826495999999996,EIA/ICE Mid C Peak + Bank of Canada FXUSDCAD
2025-01-03,37.86,1.4442,0.054677411999999995,EIA/ICE Mid C Peak + Bank of Canada FXUSDCAD
2025-01-06,39.08,1.4348,0.056071984,EIA/ICE Mid C Peak + Bank of Canada FXUSDCAD
2025-01-07,46.22,1.434,0.06627947999999999,EIA/ICE Mid C Peak + Bank of Canada FXUSDCAD
2025-01-08,38.43,1.439,0.05530077,EIA/ICE Mid C Peak + Bank of Canada FXUSDCAD
2025-01-09,42.29,1.4395,0.060876455,EIA/ICE Mid C Peak + Bank of Canada FXUSDCAD
2025-01-10,34.6,1.4422,0.04990012,EIA/ICE Mid C Peak + Bank of Canada FXUSDCAD
2025-01-13,53.42,1.4411,0.076983562,EIA/ICE Mid C Peak + Bank of Canada FXUSDCAD
2025-01-14,52.48,1.4371,0.075419008,EIA/ICE Mid C Peak + Bank of Canada FXUSDCAD
2025-01-15,52.52,1.4334,0.075282168,EIA/ICE Mid C Peak + Bank of Canada FXUSDCAD
2025-01-16,55.27,1.4388,0.07952247600000001,EIA/ICE Mid C Peak + Bank of Canada FXUSDCAD
2025-01-18,80.61,1.44,0.11607839999999998,EIA/ICE Mid C Peak + Bank of Canada FXUSDCAD
2025-01-20,75.24,1.433,0.10781891999999998,EIA/ICE Mid C Peak + Bank of Canada FXUSDCAD
2025-01-22,57.3,1.4369,0.08233436999999999,EIA/ICE Mid C Peak + Bank of Canada FXUSDCAD
2025-01-23,61.96,1.4371,0.089042716,EIA/ICE Mid C Peak + Bank of Canada FXUSDCAD
2025-01-24,58.02,1.4336,0.083177472,EIA/ICE Mid C Peak + Bank of Canada FXUSDCAD
2025-01-27,61.26,1.4381,0.08809800599999999,EIA/ICE Mid C Peak + Bank of Canada FXUSDCAD
2025-01-28,60.67,1.4394,0.087328398,EIA/ICE Mid C Peak + Bank of Canada FXUSDCAD
2025-01-29,63.69,1.4435,0.091936515,EIA/ICE Mid C Peak + Bank of Canada FXUSDCAD
2025-01-30,50.96,1.4414,0.073453744,EIA/ICE Mid C Peak + Bank of Canada FXUSDCAD
2025-02-01,50.19,1.4523666666666666,0.07289428299999999,EIA/ICE Mid C Peak + Bank of Canada FXUSDCAD
2025-02-03,104.51,1.4603,0.152615953,EIA/ICE Mid C Peak + Bank of Canada FXUSDCAD
2025-02-04,234.75,1.4345,0.336748875,EIA/ICE Mid C Peak + Bank of Canada FXUSDCAD
2025-02-05,90.48,1.4295,0.12934116,EIA/ICE Mid C Peak + Bank of Canada FXUSDCAD
2025-02-06,84.69,1.4322,0.12129301799999999,EIA/ICE Mid C Peak + Bank of Canada FXUSDCAD
2025-02-07,73.31,1.4298,0.104818638,EIA/ICE Mid C Peak + Bank of Canada FXUSDCAD
2025-02-10,109.59,1.4323,0.15696575699999998,EIA/ICE Mid C Peak + Bank of Canada FXUSDCAD
2025-02-11,84.97,1.4307,0.12156657900000001,EIA/ICE Mid C Peak + Bank of Canada FXUSDCAD
2025-02-12,78.52,1.4298,0.11226789599999999,EIA/ICE Mid C Peak + Bank of Canada FXUSDCAD
2025-02-13,61.72,1.4242,0.087901624,EIA/ICE Mid C Peak + Bank of Canada FXUSDCAD
2025-02-15,52.83,1.417275,0.07487463825,EIA/ICE Mid C Peak + Bank of Canada FXUSDCAD
2025-02-17,46.97,1.418625,0.06663281625,EIA/ICE Mid C Peak + Bank of Canada FXUSDCAD
2025-02-19,57.41,1.4223,0.08165424299999999,EIA/ICE Mid C Peak + Bank of Canada FXUSDCAD
2025-02-20,51.25,1.4188,0.0727135,EIA/ICE Mid C Peak + Bank of Canada FXUSDCAD
2025-02-21,46.29,1.4207,0.06576420300000001,EIA/ICE Mid C Peak + Bank of Canada FXUSDCAD
2025-02-24,27.69,1.4225,0.039389025,EIA/ICE Mid C Peak + Bank of Canada FXUSDCAD
2025-02-25,23.21,1.4287,0.033160127000000005,EIA/ICE Mid C Peak + Bank of Canada FXUSDCAD
2025-02-26,45.86,1.4339,0.065758654,EIA/ICE Mid C Peak + Bank of Canada FXUSDCAD
2025-02-27,38.12,1.4422,0.054976663999999995,EIA/ICE Mid C Peak + Bank of Canada FXUSDCAD
2025-03-01,38.1,1.4434666666666667,0.054996079999999996,EIA/ICE Mid C Peak + Bank of Canada FXUSDCAD
2025-03-03,35.0,1.4428,0.050498,EIA/ICE Mid C Peak + Bank of Canada FXUSDCAD
2025-03-04,46.32,1.4489,0.06711304800000001,EIA/ICE Mid C Peak + Bank of Canada FXUSDCAD
2025-03-05,53.92,1.437,0.07748304,EIA/ICE Mid C Peak + Bank of Canada FXUSDCAD
2025-03-06,52.5,1.4309,0.07512225,EIA/ICE Mid C Peak + Bank of Canada FXUSDCAD
2025-03-07,37.82,1.4371,0.054351122,EIA/ICE Mid C Peak + Bank of Canada FXUSDCAD
2025-03-10,40.74,1.4431,0.058791894000000004,EIA/ICE Mid C Peak + Bank of Canada FXUSDCAD
2025-03-11,57.19,1.4451,0.082645269,EIA/ICE Mid C Peak + Bank of Canada FXUSDCAD
2025-03-12,57.76,1.4391,0.083122416,EIA/ICE Mid C Peak + Bank of Canada FXUSDCAD
2025-03-13,36.26,1.4409,0.052247034,EIA/ICE Mid C Peak + Bank of Canada FXUSDCAD
2025-03-14,39.57,1.4388,0.056933316000000005,EIA/ICE Mid C Peak + Bank of Canada FXUSDCAD
2025-03-17,38.1,1.4304,0.054498239999999996,EIA/ICE Mid C Peak + Bank of Canada FXUSDCAD
2025-03-18,40.26,1.4301,0.05757582599999999,EIA/ICE Mid C Peak + Bank of Canada FXUSDCAD
2025-03-19,56.78,1.4326,0.081343028,EIA/ICE Mid C Peak + Bank of Canada FXUSDCAD
2025-03-20,33.77,1.4347,0.048449819000000005,EIA/ICE Mid C Peak + Bank of Canada FXUSDCAD
2025-03-21,24.08,1.4348,0.034549984,EIA/ICE Mid C Peak + Bank of Canada FXUSDCAD
2025-03-24,24.89,1.4318,0.035637501999999995,EIA/ICE Mid C Peak + Bank of Canada FXUSDCAD
2025-03-25,28.24,1.4296,0.040371904,EIA/ICE Mid C Peak + Bank of Canada FXUSDCAD
2025-03-26,24.03,1.4268,0.03428600400000001,EIA/ICE Mid C Peak + Bank of Canada FXUSDCAD
2025-03-27,13.13,1.4309,0.018787717000000002,EIA/ICE Mid C Peak + Bank of Canada FXUSDCAD
2025-03-28,6.57,1.4307,0.009399699000000001,EIA/ICE Mid C Peak + Bank of Canada FXUSDCAD
2025-03-31,4.08,1.4376,0.005865408000000001,EIA/ICE Mid C Peak + Bank of Canada FXUSDCAD
2025-04-01,8.64,1.4348,0.012396672000000001,EIA/ICE Mid C Peak + Bank of Canada FXUSDCAD
2025-04-02,16.05,1.432,0.0229836,EIA/ICE Mid C Peak + Bank of Canada FXUSDCAD
2025-04-03,31.14,1.4069,0.043810866000000004,EIA/ICE Mid C Peak + Bank of Canada FXUSDCAD
2025-04-04,31.16,1.4216,0.044297055999999994,EIA/ICE Mid C Peak + Bank of Canada FXUSDCAD
2025-04-07,14.97,1.4226,0.021296322000000003,EIA/ICE Mid C Peak + Bank of Canada FXUSDCAD
2025-04-08,28.09,1.4196,0.039876564,EIA/ICE Mid C Peak + Bank of Canada FXUSDCAD
2025-04-09,27.83,1.415,0.039379449999999996,EIA/ICE Mid C Peak + Bank of Canada FXUSDCAD
2025-04-10,33.68,1.4015,0.04720252,EIA/ICE Mid C Peak + Bank of Canada FXUSDCAD
2025-04-11,14.57,1.389,0.02023773,EIA/ICE Mid C Peak + Bank of Canada FXUSDCAD
2025-04-14,25.94,1.3881,0.036007314,EIA/ICE Mid C Peak + Bank of Canada FXUSDCAD
2025-04-15,33.99,1.3934,0.047361666,EIA/ICE Mid C Peak + Bank of Canada FXUSDCAD
2025-04-16,25.17,1.389,0.03496113000000001,EIA/ICE Mid C Peak + Bank of Canada FXUSDCAD
2025-04-21,22.19,1.382,0.03066658,EIA/ICE Mid C Peak + Bank of Canada FXUSDCAD
2025-04-22,37.55,1.3827,0.051920385,EIA/ICE Mid C Peak + Bank of Canada FXUSDCAD
2025-04-23,40.37,1.3871,0.055997227,EIA/ICE Mid C Peak + Bank of Canada FXUSDCAD
2025-04-24,37.06,1.3872,0.051409632000000004,EIA/ICE Mid C Peak + Bank of Canada FXUSDCAD
2025-04-25,30.05,1.3863,0.041658315,EIA/ICE Mid C Peak + Bank of Canada FXUSDCAD
2025-04-28,22.48,1.385,0.0311348,EIA/ICE Mid C Peak + Bank of Canada FXUSDCAD
2025-04-29,26.6,1.3847,0.03683302000000001,EIA/ICE Mid C Peak + Bank of Canada FXUSDCAD
2025-04-30,39.23,1.3812,0.054184475999999995,EIA/ICE Mid C Peak + Bank of Canada FXUSDCAD
2025-05-02,43.18,1.38,0.05958839999999999,EIA/ICE Mid C Peak + Bank of Canada FXUSDCAD
2025-05-05,46.82,1.3813,0.064672466,EIA/ICE Mid C Peak + Bank of Canada FXUSDCAD
2025-05-06,48.15,1.3783,0.066365145,EIA/ICE Mid C Peak + Bank of Canada FXUSDCAD
2025-05-07,42.2,1.3796,0.058219120000000006,EIA/ICE Mid C Peak + Bank of Canada FXUSDCAD
2025-05-08,48.48,1.3907,0.067421136,EIA/ICE Mid C Peak + Bank of Canada FXUSDCAD
2025-05-09,50.47,1.3927,0.070289569,EIA/ICE Mid C Peak + Bank of Canada FXUSDCAD
2025-05-12,38.43,1.3998,0.053794314,EIA/ICE Mid C Peak + Bank of Canada FXUSDCAD
2025-05-13,26.59,1.3969,0.037143571,EIA/ICE Mid C Peak + Bank of Canada FXUSDCAD
2025-05-14,23.6,1.3964,0.032955040000000005,EIA/ICE Mid C Peak + Bank of Canada FXUSDCAD
2025-05-16,37.09,1.3979,0.051848111,EIA/ICE Mid C Peak + Bank of Canada FXUSDCAD
2025-05-19,30.35,1.3946,0.04232611000000001,EIA/ICE Mid C Peak + Bank of Canada FXUSDCAD
2025-05-20,27.26,1.3935,0.037986809999999996,EIA/ICE Mid C Peak + Bank of Canada FXUSDCAD
2025-05-21,44.51,1.3848,0.061637448,EIA/ICE Mid C Peak + Bank of Canada FXUSDCAD
2025-05-22,39.21,1.387,0.05438427,EIA/ICE Mid C Peak + Bank of Canada FXUSDCAD
2025-05-24,39.28,1.3747666666666667,0.05400083466666667,EIA/ICE Mid C Peak + Bank of Canada FXUSDCAD
2025-05-27,41.73,1.3775,0.057483074999999995,EIA/ICE Mid C Peak + Bank of Canada FXUSDCAD
2025-05-28,50.29,1.3826,0.069530954,EIA/ICE Mid C Peak + Bank of Canada FXUSDCAD
2025-05-30,49.01,1.3758,0.067427958,EIA/ICE Mid C Peak + Bank of Canada FXUSDCAD
2025-06-02,40.09,1.3707,0.05495136300000001,EIA/ICE Mid C Peak + Bank of Canada FXUSDCAD
2025-06-03,46.18,1.3723,0.063372814,EIA/ICE Mid C Peak + Bank of Canada FXUSDCAD
2025-06-04,44.94,1.3677,0.061464437999999996,EIA/ICE Mid C Peak + Bank of Canada FXUSDCAD
2025-06-05,50.26,1.3659,0.06865013399999999,EIA/ICE Mid C Peak + Bank of Canada FXUSDCAD
2025-06-06,44.49,1.369,0.06090681,EIA/ICE Mid C Peak + Bank of Canada FXUSDCAD
2025-06-09,85.45,1.3684,0.11692978000000001,EIA/ICE Mid C Peak + Bank of Canada FXUSDCAD
2025-06-10,61.87,1.3684,0.084662908,EIA/ICE Mid C Peak + Bank of Canada FXUSDCAD
2025-06-11,37.96,1.3665,0.05187234,EIA/ICE Mid C Peak + Bank of Canada FXUSDCAD
2025-06-13,28.6,1.3598,0.03889028,EIA/ICE Mid C Peak + Bank of Canada FXUSDCAD
2025-06-16,34.07,1.3558,0.046192106,EIA/ICE Mid C Peak + Bank of Canada FXUSDCAD
2025-06-17,32.79,1.3603,0.044604237,EIA/ICE Mid C Peak + Bank of Canada FXUSDCAD
2025-06-18,37.23,1.3673,0.05090457899999999,EIA/ICE Mid C Peak + Bank of Canada FXUSDCAD
2025-06-19,37.21,1.3724,0.051067004000000006,EIA/ICE Mid C Peak + Bank of Canada FXUSDCAD
2025-06-21,39.2,1.3737,0.05384904,EIA/ICE Mid C Peak + Bank of Canada FXUSDCAD
2025-06-24,49.74,1.3712,0.068203488,EIA/ICE Mid C Peak + Bank of Canada FXUSDCAD
2025-06-25,37.49,1.3737,0.051500013000000004,EIA/ICE Mid C Peak + Bank of Canada FXUSDCAD
2025-06-27,37.34,1.3676,0.051066184,EIA/ICE Mid C Peak + Bank of Canada FXUSDCAD
2025-06-30,70.19,1.3643,0.095760217,EIA/ICE Mid C Peak + Bank of Canada FXUSDCAD
2025-07-01,70.7,1.36325,0.096381775,EIA/ICE Mid C Peak + Bank of Canada FXUSDCAD
2025-07-02,31.02,1.3622,0.042255444,EIA/ICE Mid C Peak + Bank of Canada FXUSDCAD
2025-07-05,39.76,1.3622,0.054161072,EIA/ICE Mid C Peak + Bank of Canada FXUSDCAD
2025-07-07,73.95,1.3656,0.10098612,EIA/ICE Mid C Peak + Bank of Canada FXUSDCAD
2025-07-08,76.64,1.3677,0.104820528,EIA/ICE Mid C Peak + Bank of Canada FXUSDCAD
2025-07-09,56.39,1.3693,0.077214827,EIA/ICE Mid C Peak + Bank of Canada FXUSDCAD
2025-07-11,56.35,1.3684,0.07710934,EIA/ICE Mid C Peak + Bank of Canada FXUSDCAD
2025-07-14,57.15,1.3693,0.078255495,EIA/ICE Mid C Peak + Bank of Canada FXUSDCAD
2025-07-15,58.68,1.371,0.08045028000000001,EIA/ICE Mid C Peak + Bank of Canada FXUSDCAD
2025-07-16,72.96,1.3712,0.100042752,EIA/ICE Mid C Peak + Bank of Canada FXUSDCAD
2025-07-17,54.77,1.3753,0.075325181,EIA/ICE Mid C Peak + Bank of Canada FXUSDCAD
2025-07-18,36.03,1.372,0.04943316000000001,EIA/ICE Mid C Peak + Bank of Canada FXUSDCAD
2025-07-21,50.37,1.3693,0.06897164099999999,EIA/ICE Mid C Peak + Bank of Canada FXUSDCAD
2025-07-22,47.39,1.3635,0.06461626499999999,EIA/ICE Mid C Peak + Bank of Canada FXUSDCAD
2025-07-23,49.69,1.3609,0.067623121,EIA/ICE Mid C Peak + Bank of Canada FXUSDCAD
2025-07-25,35.43,1.3704,0.048553272,EIA/ICE Mid C Peak + Bank of Canada FXUSDCAD
2025-07-28,57.66,1.3723,0.079126818,EIA/ICE Mid C Peak + Bank of Canada FXUSDCAD
2025-07-29,74.64,1.3771,0.102786744,EIA/ICE Mid C Peak + Bank of Canada FXUSDCAD
2025-07-30,55.66,1.3811,0.076872026,EIA/ICE Mid C Peak + Bank of Canada FXUSDCAD
2025-07-31,45.16,1.3844,0.062519504,EIA/ICE Mid C Peak + Bank of Canada FXUSDCAD
2025-08-01,38.83,1.3797,0.053573750999999996,EIA/ICE Mid C Peak + Bank of Canada FXUSDCAD
2025-08-04,34.98,1.3788,0.048230424,EIA/ICE Mid C Peak + Bank of Canada FXUSDCAD
2025-08-05,37.33,1.3785,0.051459405,EIA/ICE Mid C Peak + Bank of Canada FXUSDCAD
2025-08-06,32.67,1.3746,0.044908182000000005,EIA/ICE Mid C Peak + Bank of Canada FXUSDCAD
2025-08-08,35.79,1.3751,0.049214829,EIA/ICE Mid C Peak + Bank of Canada FXUSDCAD
2025-08-11,61.98,1.3785,0.08543943,EIA/ICE Mid C Peak + Bank of Canada FXUSDCAD
2025-08-12,62.83,1.3775,0.086548325,EIA/ICE Mid C Peak + Bank of Canada FXUSDCAD
2025-08-13,37.04,1.3767,0.050992968,EIA/ICE Mid C Peak + Bank of Canada FXUSDCAD
2025-08-14,35.34,1.3806,0.04879040400000001,EIA/ICE Mid C Peak + Bank of Canada FXUSDCAD
2025-08-15,35.58,1.3806,0.049121748,EIA/ICE Mid C Peak + Bank of Canada FXUSDCAD
2025-08-18,39.01,1.3809,0.05386890899999999,EIA/ICE Mid C Peak + Bank of Canada FXUSDCAD
2025-08-19,43.22,1.3852,0.059868344000000004,EIA/ICE Mid C Peak + Bank of Canada FXUSDCAD
2025-08-20,50.21,1.3866,0.06962118600000002,EIA/ICE Mid C Peak + Bank of Canada FXUSDCAD
2025-08-22,76.81,1.3854,0.10641257400000001,EIA/ICE Mid C Peak + Bank of Canada FXUSDCAD
2025-08-25,117.65,1.3835,0.162768775,EIA/ICE Mid C Peak + Bank of Canada FXUSDCAD
2025-08-26,79.48,1.3837,0.109976476,EIA/ICE Mid C Peak + Bank of Canada FXUSDCAD
2025-08-27,48.27,1.3821,0.06671396700000001,EIA/ICE Mid C Peak + Bank of Canada FXUSDCAD
2025-08-28,51.19,1.3756,0.070416964,EIA/ICE Mid C Peak + Bank of Canada FXUSDCAD
2025-08-30,43.85,1.375375,0.060310193750000005,EIA/ICE Mid C Peak + Bank of Canada FXUSDCAD
2025-09-02,74.6,1.3789,0.10286593999999999,EIA/ICE Mid C Peak + Bank of Canada FXUSDCAD
2025-09-03,73.95,1.3794,0.10200663,EIA/ICE Mid C Peak + Bank of Canada FXUSDCAD
2025-09-05,67.75,1.3829,0.093691475,EIA/ICE Mid C Peak + Bank of Canada FXUSDCAD
2025-09-08,52.3,1.3816,0.07225767999999999,EIA/ICE Mid C Peak + Bank of Canada FXUSDCAD
2025-09-09,58.5,1.3833,0.08092305000000001,EIA/ICE Mid C Peak + Bank of Canada FXUSDCAD
2025-09-10,54.59,1.3854,0.075628986,EIA/ICE Mid C Peak + Bank of Canada FXUSDCAD
2025-09-11,52.05,1.3844,0.07205802,EIA/ICE Mid C Peak + Bank of Canada FXUSDCAD
2025-09-12,47.18,1.3848,0.06533486399999999,EIA/ICE Mid C Peak + Bank of Canada FXUSDCAD
2025-09-15,46.37,1.3804,0.064009148,EIA/ICE Mid C Peak + Bank of Canada FXUSDCAD
2025-09-16,73.57,1.3748,0.10114403599999998,EIA/ICE Mid C Peak + Bank of Canada FXUSDCAD
2025-09-17,54.39,1.376,0.07484064,EIA/ICE Mid C Peak + Bank of Canada FXUSDCAD
2025-09-19,45.24,1.3788,0.06237691200000001,EIA/ICE Mid C Peak + Bank of Canada FXUSDCAD
2025-09-22,55.88,1.3816,0.077203808,EIA/ICE Mid C Peak + Bank of Canada FXUSDCAD
2025-09-23,61.83,1.3832,0.085523256,EIA/ICE Mid C Peak + Bank of Canada FXUSDCAD
2025-09-24,73.24,1.3893,0.101752332,EIA/ICE Mid C Peak + Bank of Canada FXUSDCAD
2025-09-25,38.52,1.3927,0.053646804000000006,EIA/ICE Mid C Peak + Bank of Canada FXUSDCAD
2025-09-26,46.66,1.3941,0.065048706,EIA/ICE Mid C Peak + Bank of Canada FXUSDCAD
2025-09-29,48.95,1.3921,0.06814329499999999,EIA/ICE Mid C Peak + Bank of Canada FXUSDCAD
2025-09-30,49.51,1.39305,0.0689699055,EIA/ICE Mid C Peak + Bank of Canada FXUSDCAD
2025-10-01,41.92,1.394,0.05843648,EIA/ICE Mid C Peak + Bank of Canada FXUSDCAD
2025-10-03,39.45,1.3953,0.05504458500000001,EIA/ICE Mid C Peak + Bank of Canada FXUSDCAD
2025-10-06,45.75,1.3955,0.063844125,EIA/ICE Mid C Peak + Bank of Canada FXUSDCAD
2025-10-07,45.18,1.3951,0.063030618,EIA/ICE Mid C Peak + Bank of Canada FXUSDCAD
2025-10-08,36.14,1.3952,0.050422528,EIA/ICE Mid C Peak + Bank of Canada FXUSDCAD
2025-10-09,46.67,1.4,0.065338,EIA/ICE Mid C Peak + Bank of Canada FXUSDCAD
2025-10-10,36.12,1.4,0.05056799999999999,EIA/ICE Mid C Peak + Bank of Canada FXUSDCAD
2025-10-13,47.66,1.40345,0.06688842699999999,EIA/ICE Mid C Peak + Bank of Canada FXUSDCAD
2025-10-14,55.03,1.4046,0.07729513800000001,EIA/ICE Mid C Peak + Bank of Canada FXUSDCAD
2025-10-15,57.59,1.4045,0.08088515500000001,EIA/ICE Mid C Peak + Bank of Canada FXUSDCAD
2025-10-17,39.74,1.4035,0.05577509,EIA/ICE Mid C Peak + Bank of Canada FXUSDCAD
2025-10-20,52.79,1.4036,0.07409604399999999,EIA/ICE Mid C Peak + Bank of Canada FXUSDCAD
2025-10-21,54.43,1.4022,0.076321746,EIA/ICE Mid C Peak + Bank of Canada FXUSDCAD
2025-10-22,47.4,1.3996,0.06634103999999999,EIA/ICE Mid C Peak + Bank of Canada FXUSDCAD
2025-10-23,46.38,1.3993,0.06489953400000001,EIA/ICE Mid C Peak + Bank of Canada FXUSDCAD
2025-10-24,39.39,1.4014,0.055201146,EIA/ICE Mid C Peak + Bank of Canada FXUSDCAD
2025-10-27,52.68,1.3995,0.07372566,EIA/ICE Mid C Peak + Bank of Canada FXUSDCAD
2025-10-28,60.55,1.3959,0.084521745,EIA/ICE Mid C Peak + Bank of Canada FXUSDCAD
2025-10-29,45.69,1.3916,0.063582204,EIA/ICE Mid C Peak + Bank of Canada FXUSDCAD
2025-11-01,24.88,1.4031,0.034909128,EIA/ICE Mid C Peak + Bank of Canada FXUSDCAD
2025-11-03,44.94,1.4057,0.06317215799999999,EIA/ICE Mid C Peak + Bank of Canada FXUSDCAD
2025-11-04,40.8,1.409,0.057487199999999995,EIA/ICE Mid C Peak + Bank of Canada FXUSDCAD
2025-11-05,36.74,1.412,0.05187688,EIA/ICE Mid C Peak + Bank of Canada FXUSDCAD
2025-11-06,36.03,1.4116,0.050859948,EIA/ICE Mid C Peak + Bank of Canada FXUSDCAD
2025-11-07,33.92,1.4063,0.04770169600000001,EIA/ICE Mid C Peak + Bank of Canada FXUSDCAD
2025-11-10,37.3,1.402,0.0522946,EIA/ICE Mid C Peak + Bank of Canada FXUSDCAD
2025-11-11,46.15,1.40125,0.0646676875,EIA/ICE Mid C Peak + Bank of Canada FXUSDCAD
2025-11-17,44.32,1.4035,0.06220312,EIA/ICE Mid C Peak + Bank of Canada FXUSDCAD
2025-11-18,43.46,1.3997,0.060830962,EIA/ICE Mid C Peak + Bank of Canada FXUSDCAD
2025-11-19,51.27,1.404,0.07198308,EIA/ICE Mid C Peak + Bank of Canada FXUSDCAD
2025-11-20,55.21,1.408,0.07773568,EIA/ICE Mid C Peak + Bank of Canada FXUSDCAD
2025-11-21,45.69,1.41,0.0644229,EIA/ICE Mid C Peak + Bank of Canada FXUSDCAD
2025-11-24,41.99,1.4108,0.059239492000000005,EIA/ICE Mid C Peak + Bank of Canada FXUSDCAD
2025-11-25,55.46,1.4104,0.07822078400000002,EIA/ICE Mid C Peak + Bank of Canada FXUSDCAD
2025-11-28,51.75,1.3979,0.072341325,EIA/ICE Mid C Peak + Bank of Canada FXUSDCAD
2025-12-02,46.96,1.3986,0.065678256,EIA/ICE Mid C Peak + Bank of Canada FXUSDCAD
2025-12-03,54.95,1.3949,0.076649755,EIA/ICE Mid C Peak + Bank of Canada FXUSDCAD
2025-12-04,42.69,1.3952,0.059561088,EIA/ICE Mid C Peak + Bank of Canada FXUSDCAD
2025-12-05,30.55,1.386,0.04234229999999999,EIA/ICE Mid C Peak + Bank of Canada FXUSDCAD
2025-12-08,30.29,1.3837,0.041912273,EIA/ICE Mid C Peak + Bank of Canada FXUSDCAD
2025-12-09,40.74,1.3844,0.05640045600000001,EIA/ICE Mid C Peak + Bank of Canada FXUSDCAD
2025-12-10,24.39,1.3835,0.033743564999999996,EIA/ICE Mid C Peak + Bank of Canada FXUSDCAD
2025-12-12,27.55,1.3769,0.037933595,EIA/ICE Mid C Peak + Bank of Canada FXUSDCAD
2025-12-15,19.12,1.377,0.02632824,EIA/ICE Mid C Peak + Bank of Canada FXUSDCAD
2025-12-16,18.59,1.3748,0.025557532,EIA/ICE Mid C Peak + Bank of Canada FXUSDCAD
2025-12-17,13.76,1.3782,0.018964032,EIA/ICE Mid C Peak + Bank of Canada FXUSDCAD
2025-12-18,25.3,1.3774,0.03484822,EIA/ICE Mid C Peak + Bank of Canada FXUSDCAD
2025-12-19,20.45,1.3781,0.028182145000000002,EIA/ICE Mid C Peak + Bank of Canada FXUSDCAD
2025-12-22,25.93,1.3748,0.035648564,EIA/ICE Mid C Peak + Bank of Canada FXUSDCAD
2025-12-23,23.97,1.3705,0.032850884999999996,EIA/ICE Mid C Peak + Bank of Canada FXUSDCAD
2025-12-26,17.55,1.36788,0.024006294,EIA/ICE Mid C Peak + Bank of Canada FXUSDCAD
